-- MySQL dump 10.13  Distrib 8.0.43, for Win64 (x86_64)
--
-- Host: localhost    Database: cosmetics_sales_db
-- ------------------------------------------------------
-- Server version	8.0.43

/*!40101 SET @OLD_CHARACTER_SET_CLIENT=@@CHARACTER_SET_CLIENT */;
/*!40101 SET @OLD_CHARACTER_SET_RESULTS=@@CHARACTER_SET_RESULTS */;
/*!40101 SET @OLD_COLLATION_CONNECTION=@@COLLATION_CONNECTION */;
/*!50503 SET NAMES utf8 */;
/*!40103 SET @OLD_TIME_ZONE=@@TIME_ZONE */;
/*!40103 SET TIME_ZONE='+00:00' */;
/*!40014 SET @OLD_UNIQUE_CHECKS=@@UNIQUE_CHECKS, UNIQUE_CHECKS=0 */;
/*!40014 SET @OLD_FOREIGN_KEY_CHECKS=@@FOREIGN_KEY_CHECKS, FOREIGN_KEY_CHECKS=0 */;
/*!40101 SET @OLD_SQL_MODE=@@SQL_MODE, SQL_MODE='NO_AUTO_VALUE_ON_ZERO' */;
/*!40111 SET @OLD_SQL_NOTES=@@SQL_NOTES, SQL_NOTES=0 */;

--
-- Table structure for table `customers`
--

DROP TABLE IF EXISTS `customers`;
/*!40101 SET @saved_cs_client     = @@character_set_client */;
/*!50503 SET character_set_client = utf8mb4 */;
CREATE TABLE `customers` (
  `customer_id` int NOT NULL AUTO_INCREMENT,
  `first_name` varchar(50) DEFAULT NULL,
  `last_name` varchar(50) DEFAULT NULL,
  `gender` enum('Female','Male','Other') DEFAULT NULL,
  `email` varchar(100) DEFAULT NULL,
  `phone` varchar(20) DEFAULT NULL,
  `city` varchar(50) DEFAULT NULL,
  `join_date` date DEFAULT NULL,
  PRIMARY KEY (`customer_id`)
) ENGINE=InnoDB AUTO_INCREMENT=148 DEFAULT CHARSET=utf8mb4 COLLATE=utf8mb4_0900_ai_ci;
/*!40101 SET character_set_client = @saved_cs_client */;

--
-- Dumping data for table `customers`
--

LOCK TABLES `customers` WRITE;
/*!40000 ALTER TABLE `customers` DISABLE KEYS */;
INSERT INTO `customers` VALUES (1,'Ghada','El-Badry','Female','ghada.el-badry@example.com','01034768310','Luxor','2023-10-25'),(2,'Ahmed','Abdel','Male','ahmed.abdel@example.com','01036175801','Suez','2025-01-08'),(3,'Hassan','Abdel','Male','hassan.abdel@example.com','01037237893','Banha','2024-12-17'),(4,'Waleed','Karim','Male','waleed.karim@example.com','01086992468','Suez','2024-11-04'),(5,'Nadia','Osman','Female','nadia.osman@example.com','01016511143','Kafr El-Sheikh','2023-04-10'),(6,'Omar','Osman','Male','omar.osman@example.com','01057649187','Ismailia','2025-02-24'),(7,'Samir','Karim','Male','samir.karim@example.com','01036826972','Aswan','2023-07-24'),(8,'Shaimaa','El-Sayed','Female','shaimaa.el-sayed@example.com','01035580963','Ismailia','2024-05-15'),(9,'Asmaa','Hassan','Female','asmaa.hassan@example.com','01029670291','Aswan','2024-06-24'),(10,'Waleed','Ramadan','Male','waleed.ramadan@example.com','01042782576','Banha','2023-01-25'),(11,'Samir','Shalaby','Male','samir.shalaby@example.com','01052241153','Cairo','2025-09-11'),(12,'Lina','Karim','Female','lina.karim@example.com','01081011862','Suez','2023-11-13'),(13,'Nadia','Osman','Female','nadia.osman@example.com','01075952273','Luxor','2023-04-04'),(14,'Karim','Hassan','Male','karim.hassan@example.com','01031807732','Luxor','2023-10-06'),(15,'Laila','Abdel','Female','laila.abdel@example.com','01063771388','Banha','2025-02-02'),(16,'Aisha','Ahmed','Female','aisha.ahmed@example.com','01039104045','Alexandria','2023-01-11'),(17,'Samir','Abdel','Male','samir.abdel@example.com','01078023402','Ismailia','2025-06-21'),(18,'Nabil','Shalaby','Male','nabil.shalaby@example.com','01069606027','Suez','2024-09-13'),(19,'Mona','Ali','Female','mona.ali@example.com','01017478685','Tanta','2024-02-24'),(20,'Essam','Abdel','Male','essam.abdel@example.com','01021919058','Zagazig','2024-06-03'),(21,'Nabil','Osman','Male','nabil.osman@example.com','01020207617','Cairo','2024-10-30'),(22,'Rania','Hassan','Female','rania.hassan@example.com','01096612311','Damietta','2023-12-01'),(23,'Salah','Ali','Male','salah.ali@example.com','01026581927','Damietta','2025-07-05'),(24,'Waleed','Ahmed','Male','waleed.ahmed@example.com','01093562125','Giza','2025-01-24'),(25,'Dina','Nassar','Female','dina.nassar@example.com','01059643360','Aswan','2025-08-16'),(26,'Ali','Zaki','Male','ali.zaki@example.com','01093540986','Damietta','2023-08-22'),(27,'Nadia','Nassar','Female','nadia.nassar@example.com','01043792363','Damietta','2024-05-24'),(28,'Ibrahim','Moussa','Male','ibrahim.moussa@example.com','01020187346','Aswan','2025-07-17'),(29,'Youssef','Mohamed','Male','youssef.mohamed@example.com','01062443731','Alexandria','2025-10-08'),(30,'Waleed','Zaki','Male','waleed.zaki@example.com','01044078655','Banha','2023-06-01'),(31,'Samir','Zaki','Male','samir.zaki@example.com','01069546832','Cairo','2025-02-23'),(32,'Reda','El-Sayed','Male','reda.el-sayed@example.com','01089551593','Aswan','2023-12-31'),(33,'Ghada','El-Sayed','Female','ghada.el-sayed@example.com','01051934207','Mansoura','2024-06-04'),(34,'Amr','Fahmy','Male','amr.fahmy@example.com','01019320525','Aswan','2024-03-01'),(35,'Nour','Ramadan','Female','nour.ramadan@example.com','01035685375','Banha','2024-09-12'),(36,'Ghada','El-Sayed','Female','ghada.el-sayed@example.com','01067720759','Ismailia','2023-07-21'),(37,'Karim','Abdel','Male','karim.abdel@example.com','01083813492','Banha','2024-07-19'),(38,'Yasmin','El-Sayed','Female','yasmin.el-sayed@example.com','01034635784','Mansoura','2025-01-09'),(39,'Heba','El-Badry','Female','heba.el-badry@example.com','01077216029','Luxor','2023-03-02'),(40,'Omar','Moussa','Male','omar.moussa@example.com','01015186575','Alexandria','2023-02-24'),(41,'Tarek','Ali','Male','tarek.ali@example.com','01091434066','Suez','2025-09-24'),(42,'Yasmin','Ali','Female','yasmin.ali@example.com','01094276842','Suez','2024-10-23'),(43,'Essam','Shalaby','Male','essam.shalaby@example.com','01098754334','Cairo','2024-02-14'),(44,'Laila','Zaki','Female','laila.zaki@example.com','01018544801','Ismailia','2025-07-27'),(45,'Tarek','Mohamed','Male','tarek.mohamed@example.com','01077104057','Zagazig','2023-11-09'),(46,'Waleed','Ghanem','Male','waleed.ghanem@example.com','01086241995','Suez','2025-03-25'),(47,'Ghada','Khalil','Female','ghada.khalil@example.com','01092152411','Aswan','2023-06-12'),(48,'Samir','Fahmy','Male','samir.fahmy@example.com','01047998646','Damietta','2024-04-26'),(49,'Ibrahim','Zaki','Male','ibrahim.zaki@example.com','01088740868','Cairo','2024-07-19'),(50,'Gamal','El-Sayed','Male','gamal.el-sayed@example.com','01097790952','Damietta','2023-01-24'),(51,'Shaimaa','Salem','Female','shaimaa.salem@example.com','01091460223','Tanta','2023-02-17'),(52,'Youssef','Zaki','Male','youssef.zaki@example.com','01086245481','Ismailia','2023-06-08'),(53,'Essam','Ibrahim','Male','essam.ibrahim@example.com','01013145112','Suez','2025-07-01'),(54,'Sara','El-Sayed','Female','sara.el-sayed@example.com','01029309718','Zagazig','2025-10-15'),(55,'Laila','Salem','Female','laila.salem@example.com','01054517206','Ismailia','2025-09-09'),(56,'Nour','Abdel','Female','nour.abdel@example.com','01091106698','Cairo','2024-07-08'),(57,'Aisha','Sayed','Female','aisha.sayed@example.com','01069283494','Banha','2023-04-01'),(58,'Amr','Shalaby','Male','amr.shalaby@example.com','01063095344','Zagazig','2023-02-19'),(59,'Fatma','Ahmed','Female','fatma.ahmed@example.com','01058278664','Zagazig','2023-05-25'),(60,'Essam','Karim','Male','essam.karim@example.com','01055563067','Aswan','2024-11-26'),(61,'Reem','Ghanem','Female','reem.ghanem@example.com','01014474014','Luxor','2024-04-29'),(62,'Laila','Moussa','Female','laila.moussa@example.com','01053496697','Aswan','2024-05-16'),(63,'Mahmoud','El-Sayed','Male','mahmoud.el-sayed@example.com','01040022533','Tanta','2024-04-11'),(64,'Fatma','Shalaby','Female','fatma.shalaby@example.com','01032855497','Alexandria','2023-12-09'),(65,'Waleed','Ahmed','Male','waleed.ahmed@example.com','01046389864','Tanta','2023-11-05'),(66,'Heba','Karim','Female','heba.karim@example.com','01047658067','Damietta','2024-10-01'),(67,'Mahmoud','Moussa','Male','mahmoud.moussa@example.com','01089771609','Zagazig','2024-07-12'),(68,'Youssef','Salem','Male','youssef.salem@example.com','01073452634','Aswan','2023-10-05'),(69,'Huda','Ibrahim','Female','huda.ibrahim@example.com','01051458897','Suez','2024-11-03'),(70,'Sara','Shalaby','Female','sara.shalaby@example.com','01010758596','Port Said','2023-10-21'),(71,'Mohamed','Karim','Male','mohamed.karim@example.com','01081423523','Damietta','2025-05-18'),(72,'Ali','El-Badry','Male','ali.el-badry@example.com','01043076372','Aswan','2024-07-20'),(73,'Asmaa','Ghanem','Female','asmaa.ghanem@example.com','01094886495','Zagazig','2024-07-22'),(74,'Laila','Shalaby','Female','laila.shalaby@example.com','01069141441','Suez','2024-03-27'),(75,'Mona','Abdel','Female','mona.abdel@example.com','01056281209','Banha','2023-10-20'),(76,'Ibrahim','Abdel','Male','ibrahim.abdel@example.com','01021255473','Alexandria','2025-01-03'),(77,'Reem','Ahmed','Female','reem.ahmed@example.com','01097314754','Kafr El-Sheikh','2024-08-27'),(78,'Fatma','Nassar','Female','fatma.nassar@example.com','01071633674','Damietta','2024-04-08'),(79,'Hassan','Ibrahim','Male','hassan.ibrahim@example.com','01049122301','Suez','2024-03-05'),(80,'Reem','Zaki','Female','reem.zaki@example.com','01042803539','Ismailia','2025-04-09'),(81,'Ibrahim','Ramadan','Male','ibrahim.ramadan@example.com','01038487728','Mansoura','2025-06-12'),(82,'Salah','Ali','Male','salah.ali@example.com','01071782225','Suez','2023-03-29'),(83,'Heba','Osman','Female','heba.osman@example.com','01071266086','Ismailia','2023-09-26'),(84,'Rania','Abdel','Female','rania.abdel@example.com','01042715317','Aswan','2024-04-15'),(85,'Aisha','Osman','Female','aisha.osman@example.com','01017581630','Damietta','2025-04-19'),(86,'Reda','Abdel','Male','reda.abdel@example.com','01020361912','Aswan','2024-09-14'),(87,'Omar','Ramadan','Male','omar.ramadan@example.com','01078819563','Luxor','2023-07-09'),(88,'Ali','Khalil','Male','ali.khalil@example.com','01079005781','Ismailia','2025-06-21'),(89,'Sahar','El-Sayed','Female','sahar.el-sayed@example.com','01075960352','Mansoura','2025-09-12'),(90,'Zeinab','Ghanem','Female','zeinab.ghanem@example.com','01086411493','Alexandria','2024-12-16'),(91,'Asmaa','Fahmy','Female','asmaa.fahmy@example.com','01090879982','Suez','2023-04-02'),(92,'Omar','Salem','Male','omar.salem@example.com','01034544613','Cairo','2023-11-29'),(93,'Essam','Fahmy','Male','essam.fahmy@example.com','01049916701','Tanta','2024-11-13'),(94,'Youssef','Salem','Male','youssef.salem@example.com','01097812767','Giza','2023-03-26'),(95,'Lina','Moussa','Female','lina.moussa@example.com','01062770039','Port Said','2024-07-22'),(96,'Hassan','Khalil','Male','hassan.khalil@example.com','01074130398','Cairo','2025-06-19'),(97,'Nabil','Ghanem','Male','nabil.ghanem@example.com','01069441390','Suez','2025-09-18'),(98,'Ghada','Ali','Female','ghada.ali@example.com','01053825209','Zagazig','2025-07-07'),(99,'Reem','Ahmed','Female','reem.ahmed@example.com','01066087238','Zagazig','2025-06-05'),(100,'Essam','Sayed','Male','essam.sayed@example.com','01041872257','Banha','2025-02-19'),(101,'Ahmed','El-Sayed','Male','ahmed.el-sayed@example.com','01059145502','Aswan','2025-06-06'),(102,'Maryam','Nassar','Female','maryam.nassar@example.com','01060450786','Giza','2025-09-21'),(103,'Ahmed','Sayed','Male','ahmed.sayed@example.com','01067249693','Ismailia','2023-11-02'),(104,'Shaimaa','Ahmed','Female','shaimaa.ahmed@example.com','01033250364','Ismailia','2023-04-17'),(105,'Sahar','El-Badry','Female','sahar.el-badry@example.com','01062395370','Aswan','2025-04-25'),(106,'Aisha','Karim','Female','aisha.karim@example.com','01027337204','Alexandria','2024-06-07'),(107,'Fathy','Nassar','Male','fathy.nassar@example.com','01051390964','Damietta','2024-01-06'),(108,'Nabil','Ibrahim','Male','nabil.ibrahim@example.com','01068480123','Mansoura','2025-02-11'),(109,'Ibrahim','Mohamed','Male','ibrahim.mohamed@example.com','01045312537','Zagazig','2024-07-01'),(110,'Shaimaa','Ghanem','Female','shaimaa.ghanem@example.com','01014541620','Port Said','2024-02-18'),(111,'Ibrahim','Hassan','Male','ibrahim.hassan@example.com','01016626868','Giza','2025-04-07'),(112,'Mona','Nassar','Female','mona.nassar@example.com','01086170264','Luxor','2023-10-01'),(113,'Maryam','Salem','Female','maryam.salem@example.com','01052672466','Giza','2023-11-21'),(114,'Omar','Abdel','Male','omar.abdel@example.com','01067487577','Kafr El-Sheikh','2025-09-22'),(115,'Amr','El-Sayed','Male','amr.el-sayed@example.com','01045979773','Banha','2023-08-11'),(116,'Mahmoud','Ali','Male','mahmoud.ali@example.com','01018661455','Aswan','2024-10-24'),(117,'Mona','Ghanem','Female','mona.ghanem@example.com','01021287994','Ismailia','2023-07-09'),(118,'Lina','Mohamed','Female','lina.mohamed@example.com','01020877997','Port Said','2023-02-08'),(119,'Youssef','Shalaby','Male','youssef.shalaby@example.com','01067325971','Suez','2023-06-04'),(120,'Tarek','Khalil','Male','tarek.khalil@example.com','01053785769','Ismailia','2025-07-05'),(121,'Lina','Moussa','Female','lina.moussa@example.com','01050286170','Alexandria','2025-06-08'),(122,'Nadia','El-Badry','Female','nadia.el-badry@example.com','01022164019','Port Said','2024-02-22'),(123,'Hassan','Khalil','Male','hassan.khalil@example.com','01032500673','Aswan','2023-04-03'),(124,'Mona','Sayed','Female','mona.sayed@example.com','01012953219','Port Said','2023-12-04'),(125,'Reem','Shalaby','Female','reem.shalaby@example.com','01091070482','Suez','2023-01-10'),(126,'Lina','El-Badry','Female','lina.el-badry@example.com','01031070404','Alexandria','2025-06-08'),(127,'Samir','Salem','Male','samir.salem@example.com','01028645961','Kafr El-Sheikh','2025-06-24'),(128,'Huda','Ali','Female','huda.ali@example.com','01097695536','Alexandria','2023-12-09'),(129,'Tarek','Mohamed','Male','tarek.mohamed@example.com','01061249601','Aswan','2025-07-09'),(130,'Sara','El-Badry','Female','sara.el-badry@example.com','01021767172','Tanta','2023-04-27'),(131,'Zeinab','Ibrahim','Female','zeinab.ibrahim@example.com','01028118786','Alexandria','2023-10-04'),(132,'Ibrahim','Moussa','Male','ibrahim.moussa@example.com','01089851742','Luxor','2023-01-11'),(133,'Lina','Khalil','Female','lina.khalil@example.com','01039429363','Port Said','2023-10-03'),(134,'Ahmed','Nassar','Male','ahmed.nassar@example.com','01090934887','Banha','2023-07-16'),(135,'Rania','Karim','Female','rania.karim@example.com','01045065955','Ismailia','2024-11-21'),(136,'Hassan','Ghanem','Male','hassan.ghanem@example.com','01087256993','Banha','2025-07-03'),(137,'Ali','Ali','Male','ali.ali@example.com','01027274475','Suez','2024-03-29'),(138,'Sara','Ahmed','Female','sara.ahmed@example.com','01090193530','Giza','2024-04-07'),(139,'Nour','Nassar','Female','nour.nassar@example.com','01068153405','Aswan','2025-05-27'),(140,'Aisha','Osman','Female','aisha.osman@example.com','01069437492','Zagazig','2024-07-27'),(141,'Hussein','Fahmy','Male','hussein.fahmy@example.com','01079997459','Aswan','2023-10-19'),(142,'Nadia','Ibrahim','Female','nadia.ibrahim@example.com','01047255107','Tanta','2024-03-24'),(143,'Nour','Hassan','Female','nour.hassan@example.com','01025879399','Giza','2023-04-14'),(144,'Aisha','Karim','Female','aisha.karim@example.com','01045369371','Aswan','2023-03-26'),(145,'Hussein','Ramadan','Male','hussein.ramadan@example.com','01045454697','Banha','2023-05-30'),(146,'Youssef','Ramadan','Male','youssef.ramadan@example.com','01023225113','Banha','2024-10-10'),(147,'Laila','Zaki','Female','laila.zaki@example.com','01044037905','Tanta','2023-02-11');
/*!40000 ALTER TABLE `customers` ENABLE KEYS */;
UNLOCK TABLES;

--
-- Table structure for table `employees`
--

DROP TABLE IF EXISTS `employees`;
/*!40101 SET @saved_cs_client     = @@character_set_client */;
/*!50503 SET character_set_client = utf8mb4 */;
CREATE TABLE `employees` (
  `employee_id` int NOT NULL AUTO_INCREMENT,
  `full_name` varchar(100) DEFAULT NULL,
  `role` varchar(50) DEFAULT NULL,
  `hire_date` date DEFAULT NULL,
  `salary` decimal(10,2) DEFAULT NULL,
  PRIMARY KEY (`employee_id`)
) ENGINE=InnoDB AUTO_INCREMENT=465 DEFAULT CHARSET=utf8mb4 COLLATE=utf8mb4_0900_ai_ci;
/*!40101 SET character_set_client = @saved_cs_client */;

--
-- Dumping data for table `employees`
--

LOCK TABLES `employees` WRITE;
/*!40000 ALTER TABLE `employees` DISABLE KEYS */;
INSERT INTO `employees` VALUES (1,'Samir Ramadan','Warehouse Worker','2024-07-25',6208.69),(2,'Ibrahim Salem','Cashier','2025-05-03',7424.97),(3,'Salah Salem','Store Manager','2021-03-03',8449.20),(4,'Ali Nassar','Store Manager','2014-06-16',7510.99),(5,'Salah Youssef','Customer Service Rep','2016-04-18',8199.11),(6,'Tarek Moussa','Customer Service Rep','2021-04-20',9000.03),(7,'Lina Ahmed','Sales Associate','2010-03-04',8271.62),(8,'Hana Mohamed','Customer Service Rep','2017-09-18',4393.34),(9,'Fatma Ahmed','Marketing Coordinator','2020-11-09',9452.35),(10,'Dina Hassan','Store Manager','2014-02-06',11305.81),(11,'Lina Karim','Assistant Manager','2020-09-01',5441.69),(12,'Fathy Mohamed','Assistant Manager','2024-01-26',6108.33),(13,'Mohamed Hassan','Sales Associate','2016-08-23',3209.14),(14,'Mohamed El-Badry','Sales Associate','2017-06-19',6654.49),(15,'Ghada Ramadan','Sales Associate','2024-07-03',10231.06),(16,'Rania Karim','Marketing Coordinator','2024-07-29',10567.95),(17,'Huda Ahmed','Store Manager','2024-02-14',5519.39),(18,'Salah Ahmed','Assistant Manager','2017-12-20',10535.81),(19,'Fatma Karim','Store Manager','2015-07-16',3169.59),(20,'Mohamed Ibrahim','Sales Associate','2022-12-30',8935.37),(21,'Sara Osman','Store Manager','2017-08-24',11395.18),(22,'Karim Khalil','HR Specialist','2024-01-01',10578.97),(23,'Hana Khalil','IT Support','2020-11-11',8092.62),(24,'Zeinab Hassan','IT Support','2016-08-16',3411.65),(25,'Hana Mohamed','Warehouse Worker','2014-09-20',4500.57),(26,'Salah Nassar','Marketing Coordinator','2013-06-05',4601.32),(27,'Tarek Mohamed','Store Manager','2010-08-24',5238.16),(28,'Mona El-Badry','Cashier','2022-01-11',8300.56),(29,'Mona Khalil','HR Specialist','2017-08-31',8855.20),(30,'Ahmed Nassar','Sales Associate','2019-06-27',5743.56),(31,'Karim Hassan','Warehouse Worker','2017-06-23',7877.51),(32,'Rania Khaled','Accountant','2014-07-27',5894.02),(33,'Hassan Zaki','IT Support','2013-02-03',3701.70),(34,'Nabil Youssef','IT Support','2023-03-21',8666.94),(35,'Youssef Shalaby','Warehouse Worker','2011-02-27',6021.06),(36,'Sara Ghanem','Customer Service Rep','2025-10-06',4834.33),(37,'Hassan Shalaby','Warehouse Worker','2015-01-18',3116.83),(38,'Mohamed Ibrahim','Accountant','2013-04-11',7550.91),(39,'Aisha Zaki','Cashier','2021-03-10',10087.48),(40,'Hassan Shalaby','Cashier','2023-08-11',3125.90),(41,'Mona Ramadan','Customer Service Rep','2015-03-03',9733.42),(42,'Omar Moussa','IT Support','2023-01-14',7979.90),(43,'Nabil Ramadan','Store Manager','2025-03-03',11826.28),(44,'Nour Ghanem','Warehouse Worker','2016-03-15',8470.36),(45,'Lina El-Sayed','Sales Associate','2016-01-24',9755.19),(46,'Sahar Youssef','Customer Service Rep','2014-01-21',9727.63),(47,'Reda Shalaby','Marketing Coordinator','2020-03-19',11083.44),(48,'Hassan Karim','Accountant','2024-04-02',7862.83),(49,'Sahar Zaki','Marketing Coordinator','2013-07-01',4995.45),(50,'Mahmoud Ghanem','IT Support','2015-12-14',8404.19),(51,'Hassan Youssef','HR Specialist','2015-03-24',9365.18),(52,'Huda Shalaby','Assistant Manager','2014-05-05',9057.02),(53,'Ali Karim','IT Support','2025-05-23',5000.25),(54,'Fathy El-Sayed','Customer Service Rep','2020-11-09',8851.75),(55,'Laila Khalil','Warehouse Worker','2022-10-29',8559.26),(56,'Fathy Salem','Marketing Coordinator','2019-10-04',6288.01),(57,'Ali Zaki','IT Support','2018-12-22',9441.65),(58,'Hassan Khaled','Warehouse Worker','2024-01-12',11083.33),(59,'Laila Shalaby','Customer Service Rep','2018-12-07',9184.10),(60,'Samir El-Badry','Customer Service Rep','2013-11-22',6054.12),(61,'Fathy Youssef','Sales Associate','2023-06-05',8273.36),(62,'Amr El-Badry','Accountant','2024-08-02',8768.46),(63,'Mahmoud Salem','Marketing Coordinator','2017-10-08',8194.31),(64,'Nadia Salem','Store Manager','2023-08-12',3783.85),(65,'Omar Salem','IT Support','2011-06-23',9949.86),(66,'Mohamed El-Badry','HR Specialist','2014-09-15',3379.38),(67,'Salah Moussa','Store Manager','2011-08-22',8703.79),(68,'Lina Osman','IT Support','2013-03-20',9104.82),(69,'Laila Abdel','Assistant Manager','2012-03-19',10967.07),(70,'Mahmoud Fahmy','Cashier','2021-02-14',10298.43),(71,'Omar Khalil','Assistant Manager','2015-12-10',10666.16),(72,'Karim El-Sayed','Customer Service Rep','2024-11-12',4813.41),(73,'Ibrahim Ali','Assistant Manager','2015-01-18',7040.52),(74,'Hana Nassar','Marketing Coordinator','2019-07-10',9413.92),(75,'Ahmed Youssef','Sales Associate','2017-10-04',7979.31),(76,'Mahmoud Ali','Sales Associate','2015-03-16',10903.03),(77,'Hana Khaled','Accountant','2023-10-30',11182.13),(78,'Fathy Moussa','IT Support','2016-02-07',8611.63),(79,'Nour Abdel','IT Support','2020-03-17',6909.97),(80,'Shaimaa Ali','Sales Associate','2010-04-13',7486.89),(81,'Laila El-Badry','Assistant Manager','2013-04-22',8707.84),(82,'Ahmed Fahmy','Sales Associate','2024-12-12',10178.65),(83,'Ibrahim Moussa','Assistant Manager','2015-04-17',8604.05),(84,'Hassan Zaki','Cashier','2011-03-19',7855.63),(85,'Asmaa Osman','Sales Associate','2018-09-24',8469.17),(86,'Rania Fahmy','Warehouse Worker','2018-04-05',9839.69),(87,'Youssef Zaki','Store Manager','2012-09-25',7195.58),(88,'Ahmed Ahmed','HR Specialist','2017-10-11',9322.90),(89,'Lina Mohamed','Store Manager','2011-01-04',6750.35),(90,'Salah Hassan','HR Specialist','2012-10-16',11305.65),(91,'Hassan Osman','Accountant','2010-05-15',6274.23),(92,'Sara Moussa','IT Support','2024-01-04',9048.19),(93,'Essam Khalil','Store Manager','2020-11-26',11898.00),(94,'Ghada Salem','Accountant','2011-03-27',7236.33),(95,'Ghada El-Badry','Accountant','2025-05-27',4575.78),(96,'Reem Moussa','IT Support','2021-05-13',6468.45),(97,'Nour Ramadan','Assistant Manager','2018-09-25',11812.98),(98,'Amr Ibrahim','Warehouse Worker','2012-05-17',6314.78),(99,'Essam Youssef','Marketing Coordinator','2021-12-28',9865.89),(100,'Hana El-Badry','Warehouse Worker','2015-08-01',5984.80),(101,'Mohamed Abdel','HR Specialist','2010-05-26',11862.55),(102,'Mohamed Khaled','Marketing Coordinator','2021-12-12',7369.47),(103,'Rania Nassar','Customer Service Rep','2020-08-15',7753.42),(104,'Samir Ramadan','Sales Associate','2017-03-29',8401.11),(105,'Fathy El-Sayed','Marketing Coordinator','2022-08-11',5840.25),(106,'Youssef Shalaby','HR Specialist','2010-04-30',7052.21),(107,'Fatma Khaled','Assistant Manager','2014-08-15',4117.24),(108,'Waleed El-Sayed','Assistant Manager','2017-12-01',3284.78),(109,'Asmaa El-Sayed','Store Manager','2025-03-05',4477.56),(110,'Karim Fahmy','Assistant Manager','2012-12-13',4975.83),(111,'Lina El-Sayed','Store Manager','2014-09-23',7048.77),(112,'Heba Mohamed','IT Support','2023-01-15',5331.71),(113,'Dina Youssef','HR Specialist','2015-11-06',10416.80),(114,'Ahmed Karim','Customer Service Rep','2016-02-01',4886.21),(115,'Mahmoud Khalil','Sales Associate','2021-12-24',8621.29),(116,'Heba El-Badry','IT Support','2020-04-06',10633.10),(117,'Salah El-Sayed','Cashier','2015-05-19',3083.86),(118,'Mohamed Zaki','IT Support','2021-03-13',7147.77),(119,'Omar Ghanem','Accountant','2016-12-16',9245.45),(120,'Mahmoud El-Sayed','Assistant Manager','2018-11-15',11741.93),(121,'Mohamed Ibrahim','Marketing Coordinator','2023-12-21',9023.37),(122,'Dina Nassar','Store Manager','2010-10-27',4284.01),(123,'Waleed Ali','Accountant','2021-03-28',7919.23),(124,'Waleed Youssef','HR Specialist','2024-02-22',8298.10),(125,'Waleed Khaled','HR Specialist','2022-10-18',8456.28),(126,'Youssef Ahmed','Store Manager','2022-09-28',6707.94),(127,'Zeinab Moussa','Warehouse Worker','2024-12-31',3739.55),(128,'Nadia Ghanem','Customer Service Rep','2011-02-06',6484.11),(129,'Tarek Ghanem','IT Support','2023-01-14',9037.11),(130,'Ghada Nassar','Assistant Manager','2022-01-24',3354.54),(131,'Karim Moussa','Assistant Manager','2010-02-23',8315.61),(132,'Nour Fahmy','Marketing Coordinator','2023-04-29',11123.79),(133,'Aisha Zaki','Marketing Coordinator','2012-10-23',6676.62),(134,'Asmaa El-Sayed','Sales Associate','2014-02-14',11961.44),(135,'Asmaa Fahmy','Sales Associate','2022-10-17',4047.70),(136,'Mahmoud Osman','Marketing Coordinator','2014-10-19',4507.10),(137,'Tarek Moussa','Assistant Manager','2022-10-01',11972.16),(138,'Ibrahim Khaled','Accountant','2014-02-22',8400.16),(139,'Laila Shalaby','Store Manager','2016-03-14',6260.30),(140,'Sahar Zaki','Customer Service Rep','2024-05-13',8120.22),(141,'Hana Zaki','Warehouse Worker','2011-08-03',9853.37),(142,'Laila Khalil','Assistant Manager','2018-12-01',6038.20),(143,'Sara Abdel','Marketing Coordinator','2012-09-04',7881.81),(144,'Omar Ali','Cashier','2018-03-02',4005.53),(145,'Nour Karim','Cashier','2013-01-13',3060.31),(146,'Rania Ahmed','Assistant Manager','2017-02-09',11858.49),(147,'Yasmin El-Sayed','Store Manager','2024-08-12',3651.42),(148,'Fatma Abdel','Customer Service Rep','2023-08-13',4302.41),(149,'Hassan Youssef','Store Manager','2022-10-19',6268.50),(150,'Nadia Youssef','Accountant','2025-10-02',3399.80),(151,'Heba Ibrahim','Cashier','2017-04-02',5223.95),(152,'Essam Ahmed','Warehouse Worker','2025-01-25',8429.65),(153,'Hassan Abdel','Store Manager','2010-03-02',9813.36),(154,'Hassan Khalil','Customer Service Rep','2015-08-13',9171.62),(155,'Fatma Ahmed','Marketing Coordinator','2015-12-11',10835.05),(156,'Mona Osman','Warehouse Worker','2017-09-08',4516.49),(157,'Waleed Karim','Marketing Coordinator','2010-07-06',4547.96),(158,'Fatma Khalil','Accountant','2012-08-10',4986.70),(159,'Mohamed Zaki','Customer Service Rep','2017-04-05',3734.10),(160,'Youssef Nassar','Assistant Manager','2013-06-12',5499.22),(161,'Amr Ali','HR Specialist','2011-12-20',4666.96),(162,'Fatma Osman','Warehouse Worker','2010-12-27',10005.85),(163,'Nadia Karim','Assistant Manager','2013-10-28',3274.02),(164,'Fatma Hassan','Accountant','2012-11-09',10620.32),(165,'Dina Khalil','Sales Associate','2011-02-05',4351.69),(166,'Salah Khaled','Cashier','2017-06-09',6403.60),(167,'Hassan Ghanem','Cashier','2011-12-10',10202.12),(168,'Huda El-Badry','HR Specialist','2018-11-27',6932.91),(169,'Youssef Khalil','Sales Associate','2022-10-21',10115.82),(170,'Hana Ramadan','Accountant','2022-08-18',9481.56),(171,'Rania Fahmy','Assistant Manager','2021-09-11',7648.88),(172,'Asmaa Ali','Store Manager','2022-11-23',8831.86),(173,'Ali Moussa','Cashier','2021-07-21',11599.22),(174,'Hana Zaki','Sales Associate','2023-09-03',5430.18),(175,'Reem Mohamed','Sales Associate','2013-09-24',4212.41),(176,'Tarek Fahmy','Sales Associate','2012-02-06',8785.39),(177,'Dina Ahmed','Cashier','2024-09-27',4446.94),(178,'Huda Zaki','Warehouse Worker','2013-08-21',11912.99),(179,'Laila Ghanem','Sales Associate','2014-06-06',8619.93),(180,'Tarek Salem','Cashier','2019-08-31',7877.02),(181,'Sara Khaled','Accountant','2020-12-05',8213.29),(182,'Nour Karim','Accountant','2010-01-24',5144.04),(183,'Ali Ghanem','Customer Service Rep','2017-01-05',6573.00),(184,'Tarek Shalaby','Customer Service Rep','2018-07-19',6475.74),(185,'Dina Khalil','Marketing Coordinator','2015-02-21',3894.35),(186,'Waleed Fahmy','Sales Associate','2013-04-27',3140.07),(187,'Ibrahim Ramadan','Accountant','2020-01-07',7470.47),(188,'Dina Fahmy','Sales Associate','2015-08-25',10035.73),(189,'Omar Fahmy','Sales Associate','2023-11-28',5390.13),(190,'Reda El-Sayed','Marketing Coordinator','2011-02-23',11778.79),(191,'Salah Mohamed','Cashier','2016-01-06',4557.27),(192,'Zeinab Khalil','Sales Associate','2022-07-26',4651.72),(193,'Nadia Salem','IT Support','2014-10-06',5724.08),(194,'Samir Ali','Cashier','2016-08-25',7096.98),(195,'Laila Abdel','IT Support','2021-02-13',5326.75),(196,'Reda El-Badry','Cashier','2015-08-03',8069.91),(197,'Yasmin Ali','Store Manager','2024-06-17',11429.24),(198,'Hassan Ibrahim','Marketing Coordinator','2019-05-24',10339.83),(199,'Waleed Fahmy','HR Specialist','2025-08-18',6353.87),(200,'Salah Ramadan','Customer Service Rep','2010-10-03',5309.43),(201,'Dina Fahmy','Warehouse Worker','2023-03-21',9437.13),(202,'Sahar Youssef','Store Manager','2021-03-26',6928.50),(203,'Asmaa Ahmed','Accountant','2012-01-09',3750.71),(204,'Ahmed Hassan','HR Specialist','2014-06-20',8405.80),(205,'Rania Abdel','Marketing Coordinator','2022-01-26',8775.95),(206,'Sara Youssef','Store Manager','2012-02-15',11525.28),(207,'Mahmoud Shalaby','Marketing Coordinator','2014-02-13',11274.05),(208,'Sahar El-Sayed','Cashier','2010-11-11',8705.37),(209,'Salah Salem','Assistant Manager','2010-09-13',7688.15),(210,'Fathy Ghanem','Warehouse Worker','2016-05-18',5184.22),(211,'Fatma Youssef','Store Manager','2013-01-12',10745.62),(212,'Asmaa Moussa','IT Support','2023-06-06',3804.44),(213,'Reem Moussa','Warehouse Worker','2010-03-23',4557.06),(214,'Ibrahim Zaki','Warehouse Worker','2017-01-30',3475.00),(215,'Huda Ali','Sales Associate','2013-01-10',7985.10),(216,'Reem Khaled','HR Specialist','2018-06-07',4403.73),(217,'Nadia Ahmed','Sales Associate','2013-08-10',4288.76),(218,'Huda Ghanem','Cashier','2015-11-30',11157.99),(219,'Hana Ramadan','HR Specialist','2015-10-08',6473.21),(220,'Karim Ahmed','Cashier','2010-07-24',11439.43),(221,'Asmaa Khaled','Store Manager','2015-07-09',7862.88),(222,'Mahmoud Ahmed','IT Support','2025-02-05',5655.58),(223,'Samir Shalaby','Store Manager','2010-09-09',3199.82),(224,'Ghada Salem','Warehouse Worker','2023-04-07',7347.74),(225,'Shaimaa Karim','IT Support','2023-11-09',7203.79),(226,'Ibrahim Ramadan','Accountant','2022-05-19',9725.55),(227,'Mona Hassan','Cashier','2012-11-10',6213.63),(228,'Reem Ali','Warehouse Worker','2013-10-07',10930.21),(229,'Youssef El-Sayed','IT Support','2012-03-22',10833.34),(230,'Reda El-Badry','Store Manager','2022-05-20',10215.46),(231,'Laila Ali','Assistant Manager','2022-07-24',6828.45),(232,'Nabil Karim','Customer Service Rep','2025-07-06',4486.32),(233,'Hana Fahmy','HR Specialist','2016-02-21',7312.33),(234,'Heba Ahmed','Cashier','2013-05-31',11400.86),(235,'Huda El-Sayed','HR Specialist','2022-01-19',4435.74),(236,'Amr Shalaby','Sales Associate','2017-09-25',8477.98),(237,'Hassan Osman','Store Manager','2020-07-16',4818.28),(238,'Nabil Salem','Sales Associate','2024-08-13',5814.95),(239,'Hana Ramadan','Customer Service Rep','2019-04-26',8378.74),(240,'Mohamed Khaled','Warehouse Worker','2021-05-02',5397.00),(241,'Mahmoud Salem','Assistant Manager','2018-03-15',7169.38),(242,'Heba Ramadan','HR Specialist','2013-09-16',10802.42),(243,'Tarek Ibrahim','Assistant Manager','2015-10-16',11358.40),(244,'Waleed Ghanem','Sales Associate','2011-06-20',3531.78),(245,'Sara Ibrahim','Customer Service Rep','2017-06-19',8060.28),(246,'Youssef Karim','Store Manager','2015-09-06',6572.65),(247,'Karim El-Sayed','Sales Associate','2020-02-20',5946.98),(248,'Dina Mohamed','Cashier','2021-04-18',3526.61),(249,'Mona Karim','Sales Associate','2010-07-28',6198.32),(250,'Reda Ramadan','Marketing Coordinator','2012-01-21',9593.79),(251,'Hassan Nassar','Marketing Coordinator','2020-10-26',5921.39),(252,'Tarek Ibrahim','Marketing Coordinator','2021-12-03',6338.18),(253,'Yasmin Ghanem','Sales Associate','2015-08-07',5054.06),(254,'Rania Youssef','Marketing Coordinator','2020-08-04',10303.08),(255,'Fathy Mohamed','Store Manager','2013-05-27',10042.61),(256,'Samir Ali','IT Support','2022-11-08',10486.65),(257,'Reda Youssef','Warehouse Worker','2017-04-16',11858.07),(258,'Ibrahim Khalil','Store Manager','2010-05-13',8301.16),(259,'Rania Youssef','Customer Service Rep','2024-04-08',11052.85),(260,'Nabil El-Sayed','Sales Associate','2022-02-24',10599.01),(261,'Huda El-Sayed','Cashier','2017-09-11',8643.80),(262,'Heba Karim','Assistant Manager','2023-05-30',3537.46),(263,'Heba Ali','Marketing Coordinator','2020-06-23',5195.81),(264,'Mahmoud El-Sayed','Customer Service Rep','2013-07-23',6676.61),(265,'Dina Hassan','IT Support','2020-08-14',7655.29),(266,'Sahar Nassar','Accountant','2020-08-03',7637.30),(267,'Yasmin Mohamed','Marketing Coordinator','2015-05-24',5082.00),(268,'Heba Osman','Accountant','2014-07-31',9648.01),(269,'Reem Salem','Cashier','2010-12-16',11967.27),(270,'Salah Ali','Marketing Coordinator','2020-03-13',7466.41),(271,'Huda Nassar','Store Manager','2019-07-02',4886.61),(272,'Hassan Ramadan','Customer Service Rep','2021-01-15',9349.38),(273,'Ghada Salem','HR Specialist','2022-05-07',10099.75),(274,'Lina Youssef','Customer Service Rep','2015-08-10',7952.51),(275,'Salah Moussa','Store Manager','2013-11-29',11632.23),(276,'Samir Ahmed','IT Support','2012-03-10',10760.68),(277,'Samir Abdel','Sales Associate','2013-07-13',5120.48),(278,'Aisha Karim','Warehouse Worker','2020-09-26',7228.47),(279,'Karim Shalaby','Warehouse Worker','2014-12-01',3225.71),(280,'Ali Osman','Customer Service Rep','2020-06-01',6633.88),(281,'Mohamed Khalil','Customer Service Rep','2018-11-09',4529.57),(282,'Huda Youssef','Customer Service Rep','2024-08-04',5286.05),(283,'Sara Karim','Store Manager','2021-01-05',7908.35),(284,'Ghada El-Badry','IT Support','2019-08-23',11813.45),(285,'Nadia Ibrahim','Cashier','2022-09-05',7517.60),(286,'Youssef El-Sayed','IT Support','2020-07-22',7451.19),(287,'Ali Abdel','Cashier','2015-03-03',10467.20),(288,'Fathy Ali','Sales Associate','2024-07-30',11776.80),(289,'Karim Ahmed','Assistant Manager','2023-05-28',8405.16),(290,'Lina Ibrahim','Marketing Coordinator','2014-07-02',9311.18),(291,'Youssef Salem','Accountant','2014-04-20',6000.91),(292,'Sahar Osman','Sales Associate','2025-08-27',6611.01),(293,'Fatma Nassar','IT Support','2012-11-12',7997.67),(294,'Omar Youssef','Cashier','2012-12-16',5661.39),(295,'Karim Fahmy','IT Support','2020-06-24',9850.62),(296,'Aisha Shalaby','IT Support','2016-04-11',9649.51),(297,'Mona Karim','Assistant Manager','2019-02-24',9390.96),(298,'Mohamed El-Badry','Marketing Coordinator','2020-01-26',7351.44),(299,'Amr Khalil','Assistant Manager','2017-06-10',4750.07),(300,'Lina Abdel','Accountant','2010-10-10',11310.20),(301,'Mona Ibrahim','Marketing Coordinator','2022-12-07',7700.87),(302,'Sahar Salem','Customer Service Rep','2012-06-11',5400.59),(303,'Samir El-Sayed','Marketing Coordinator','2010-10-16',10869.32),(304,'Hassan Shalaby','Accountant','2011-08-02',6389.66),(305,'Yasmin El-Badry','Accountant','2011-11-29',8853.71),(306,'Sara Khaled','Accountant','2021-08-23',9604.96),(307,'Mona Osman','HR Specialist','2020-11-24',11691.76),(308,'Nadia El-Badry','Cashier','2021-01-31',11124.01),(309,'Yasmin El-Badry','IT Support','2012-02-18',11753.28),(310,'Nabil Ahmed','Warehouse Worker','2012-08-16',10750.07),(311,'Yasmin Ibrahim','HR Specialist','2018-08-11',4214.71),(312,'Huda Abdel','IT Support','2012-04-08',10125.48),(313,'Rania El-Sayed','Cashier','2018-09-23',3493.46),(314,'Salah Abdel','Sales Associate','2018-11-12',4618.62),(315,'Amr El-Badry','Warehouse Worker','2013-10-06',3495.64),(316,'Rania Karim','HR Specialist','2021-11-14',8848.43),(317,'Aisha Ghanem','Marketing Coordinator','2010-04-05',3618.13),(318,'Waleed Hassan','Cashier','2022-04-24',11425.11),(319,'Nadia Mohamed','Assistant Manager','2020-04-02',5424.59),(320,'Huda Salem','Cashier','2013-03-17',7718.69),(321,'Yasmin El-Badry','Cashier','2021-05-25',10142.67),(322,'Ali Ibrahim','Assistant Manager','2011-07-19',11437.29),(323,'Asmaa Shalaby','Store Manager','2024-09-30',8354.64),(324,'Asmaa Mohamed','Accountant','2017-09-04',10232.31),(325,'Reem Hassan','IT Support','2023-08-30',11369.59),(326,'Lina Ali','HR Specialist','2011-02-21',10415.37),(327,'Youssef Khaled','Assistant Manager','2019-12-19',9221.27),(328,'Hana Ahmed','Accountant','2019-04-02',11877.09),(329,'Ghada Karim','Warehouse Worker','2012-08-19',3290.37),(330,'Aisha Youssef','Cashier','2011-03-16',10970.40),(331,'Heba Abdel','Store Manager','2015-03-14',4544.74),(332,'Hana Karim','IT Support','2019-12-07',7332.99),(333,'Lina Nassar','Store Manager','2010-07-01',6482.54),(334,'Heba Hassan','IT Support','2018-06-13',7295.67),(335,'Tarek Hassan','IT Support','2019-11-23',6613.39),(336,'Sara Ali','Customer Service Rep','2013-01-30',9331.40),(337,'Ali El-Sayed','Cashier','2019-05-24',9076.50),(338,'Ibrahim El-Badry','IT Support','2015-07-09',5251.78),(339,'Laila Ali','Cashier','2010-10-20',8235.10),(340,'Yasmin El-Sayed','Customer Service Rep','2020-08-25',6159.70),(341,'Sara Osman','Cashier','2025-07-14',10148.36),(342,'Hana Nassar','Assistant Manager','2018-03-18',5109.93),(343,'Hassan El-Sayed','Store Manager','2018-12-20',10416.73),(344,'Tarek Shalaby','Sales Associate','2024-12-27',7799.81),(345,'Essam Fahmy','Cashier','2017-10-26',11942.94),(346,'Lina Youssef','Assistant Manager','2024-02-05',11019.22),(347,'Fatma Osman','Assistant Manager','2018-03-16',10173.89),(348,'Nadia Salem','IT Support','2013-01-23',11139.61),(349,'Essam Salem','Assistant Manager','2022-07-13',10191.99),(350,'Ahmed Shalaby','HR Specialist','2022-07-11',3013.91),(351,'Yasmin Shalaby','Store Manager','2022-03-25',6282.98),(352,'Ahmed Khalil','Sales Associate','2016-06-29',11552.53),(353,'Aisha Ahmed','Marketing Coordinator','2020-11-22',5768.09),(354,'Fathy El-Sayed','IT Support','2015-04-22',8663.87),(355,'Zeinab Moussa','Warehouse Worker','2013-08-12',8709.78),(356,'Rania Ibrahim','Warehouse Worker','2017-08-15',3909.46),(357,'Hana Hassan','Customer Service Rep','2012-08-20',4578.59),(358,'Fathy Hassan','Sales Associate','2019-06-05',11602.23),(359,'Nour El-Sayed','Warehouse Worker','2016-05-12',6399.84),(360,'Dina Ali','Assistant Manager','2024-08-03',6281.46),(361,'Samir Karim','Warehouse Worker','2021-07-26',6892.73),(362,'Heba Fahmy','Store Manager','2011-10-28',8691.28),(363,'Amr Ali','Sales Associate','2019-02-07',6105.72),(364,'Karim Mohamed','IT Support','2013-08-06',3047.18),(365,'Omar Fahmy','Store Manager','2019-05-27',7750.94),(366,'Ahmed Salem','Accountant','2018-06-24',10692.68),(367,'Omar Abdel','Accountant','2021-08-23',3158.52),(368,'Asmaa Shalaby','Customer Service Rep','2023-03-14',4596.87),(369,'Aisha Ahmed','Warehouse Worker','2012-05-18',4602.10),(370,'Hana Abdel','HR Specialist','2019-04-09',9457.00),(371,'Ahmed Ramadan','IT Support','2010-10-06',4195.74),(372,'Fatma Ghanem','Customer Service Rep','2012-05-10',3811.87),(373,'Lina Ahmed','Store Manager','2010-06-03',9579.62),(374,'Waleed Ahmed','HR Specialist','2019-05-17',10947.08),(375,'Heba Shalaby','Cashier','2018-06-18',5835.03),(376,'Yasmin Mohamed','Marketing Coordinator','2022-10-26',6372.98),(377,'Sahar Karim','IT Support','2025-04-22',8716.49),(378,'Nadia Ghanem','Store Manager','2014-12-31',9189.56),(379,'Amr Abdel','HR Specialist','2018-05-24',5130.81),(380,'Lina Zaki','Assistant Manager','2022-03-17',3420.96),(381,'Lina Khaled','Accountant','2020-03-12',9522.62),(382,'Nadia El-Badry','Store Manager','2025-05-09',7661.78),(383,'Heba Khaled','Store Manager','2017-11-10',6387.95),(384,'Fathy Osman','Store Manager','2011-08-19',4677.17),(385,'Sahar Hassan','Assistant Manager','2019-04-22',10836.22),(386,'Sara Salem','HR Specialist','2014-06-01',9520.75),(387,'Ali Moussa','Assistant Manager','2019-04-25',4621.03),(388,'Samir Salem','Customer Service Rep','2019-07-31',4923.81),(389,'Huda Nassar','Marketing Coordinator','2025-03-30',10272.81),(390,'Nour El-Sayed','Warehouse Worker','2010-09-06',10206.12),(391,'Mahmoud Ramadan','Warehouse Worker','2012-04-07',10258.38),(392,'Salah Hassan','Customer Service Rep','2020-11-18',10780.54),(393,'Mohamed Nassar','IT Support','2018-08-22',9270.29),(394,'Ahmed Karim','Store Manager','2011-03-15',11615.16),(395,'Nour Khaled','HR Specialist','2023-10-25',5050.57),(396,'Hana Salem','Marketing Coordinator','2021-09-18',5299.34),(397,'Shaimaa Moussa','Accountant','2011-11-15',4138.67),(398,'Karim Karim','Store Manager','2025-04-19',8367.53),(399,'Lina Karim','Sales Associate','2011-08-02',9433.52),(400,'Shaimaa Khaled','Assistant Manager','2015-12-03',9403.60),(401,'Mahmoud Moussa','Store Manager','2024-07-21',3998.35),(402,'Zeinab Zaki','Sales Associate','2010-10-28',9357.38),(403,'Mona Salem','Store Manager','2019-12-08',6647.14),(404,'Nabil Khaled','Sales Associate','2025-06-21',6253.63),(405,'Essam Karim','IT Support','2024-02-24',8114.27),(406,'Heba Abdel','Assistant Manager','2021-09-03',6400.79),(407,'Fatma Ali','IT Support','2025-01-09',11583.96),(408,'Heba Abdel','Assistant Manager','2011-05-21',8252.87),(409,'Ibrahim Shalaby','Warehouse Worker','2024-12-30',10174.71),(410,'Ali Mohamed','Customer Service Rep','2018-09-24',3053.66),(411,'Laila Karim','Sales Associate','2010-08-31',10910.85),(412,'Reda Ali','Warehouse Worker','2017-05-09',10735.63),(413,'Hassan Ali','HR Specialist','2014-07-15',9835.32),(414,'Sara Moussa','Warehouse Worker','2022-11-25',7405.20),(415,'Reem Ibrahim','Accountant','2022-04-26',8772.58),(416,'Ibrahim Mohamed','Accountant','2010-08-04',6389.98),(417,'Reda Ahmed','Customer Service Rep','2016-03-19',6997.20),(418,'Essam Moussa','HR Specialist','2015-11-02',8446.48),(419,'Laila Ahmed','Assistant Manager','2022-09-02',6613.34),(420,'Reem Nassar','HR Specialist','2021-12-31',8215.80),(421,'Reem Zaki','Marketing Coordinator','2015-06-22',11305.18),(422,'Salah Karim','Marketing Coordinator','2014-10-02',6272.71),(423,'Youssef Fahmy','Sales Associate','2021-07-12',10355.94),(424,'Aisha Karim','Store Manager','2017-08-14',8863.66),(425,'Fatma Mohamed','Sales Associate','2025-02-03',7012.11),(426,'Youssef Ramadan','Assistant Manager','2011-08-04',5696.28),(427,'Zeinab Zaki','Sales Associate','2022-03-19',4451.69),(428,'Laila Salem','Warehouse Worker','2014-08-27',5861.16),(429,'Waleed El-Sayed','HR Specialist','2025-08-15',7934.67),(430,'Karim Moussa','HR Specialist','2013-07-19',8939.16),(431,'Dina Ibrahim','Warehouse Worker','2021-02-05',8618.30),(432,'Omar Shalaby','Cashier','2016-02-24',8838.13),(433,'Omar Ali','Assistant Manager','2022-04-16',4185.69),(434,'Salah Moussa','Store Manager','2015-09-21',9540.44),(435,'Sahar Osman','HR Specialist','2019-05-02',5399.15),(436,'Laila Salem','Sales Associate','2024-03-28',11844.42),(437,'Ali Nassar','Customer Service Rep','2016-07-03',9608.98),(438,'Mahmoud Mohamed','Assistant Manager','2019-02-24',9575.69),(439,'Zeinab Salem','Store Manager','2019-01-30',4634.53),(440,'Rania Fahmy','Marketing Coordinator','2022-11-05',4152.99),(441,'Youssef Shalaby','HR Specialist','2018-01-29',8711.09),(442,'Samir Karim','Accountant','2020-11-16',5064.01),(443,'Mohamed Ramadan','Assistant Manager','2015-12-03',8419.30),(444,'Yasmin Osman','Assistant Manager','2025-05-27',11304.47),(445,'Ali Nassar','Store Manager','2025-01-11',11115.96),(446,'Reda Zaki','Marketing Coordinator','2024-07-31',9571.53),(447,'Sara Nassar','Accountant','2015-08-14',9193.96),(448,'Mahmoud Shalaby','Accountant','2016-12-19',4317.18),(449,'Ibrahim Moussa','Customer Service Rep','2024-08-17',7767.46),(450,'Sara Youssef','Customer Service Rep','2013-03-28',8855.63),(451,'Reem Salem','Cashier','2024-08-30',4706.03),(452,'Lina Ali','HR Specialist','2012-02-07',6688.85),(453,'Aisha Fahmy','Sales Associate','2010-01-31',10307.60),(454,'Karim Khaled','Sales Associate','2014-01-17',7554.58),(455,'Nadia Ramadan','HR Specialist','2025-08-12',4840.63),(456,'Asmaa Ali','IT Support','2014-12-11',4074.32),(457,'Fatma Ramadan','HR Specialist','2019-08-26',11808.20),(458,'Shaimaa El-Sayed','Cashier','2017-07-19',8015.70),(459,'Rania Youssef','Assistant Manager','2021-06-26',5249.71),(460,'Nabil Khalil','Customer Service Rep','2014-09-13',5071.40),(461,'Omar Ali','Assistant Manager','2012-09-14',6627.59),(462,'Karim Osman','Assistant Manager','2017-09-01',4640.99),(463,'Ali Osman','Marketing Coordinator','2022-12-06',6388.29),(464,'Reem Khaled','Warehouse Worker','2024-08-26',3395.25);
/*!40000 ALTER TABLE `employees` ENABLE KEYS */;
UNLOCK TABLES;

--
-- Temporary view structure for view `product_sales`
--

DROP TABLE IF EXISTS `product_sales`;
/*!50001 DROP VIEW IF EXISTS `product_sales`*/;
SET @saved_cs_client     = @@character_set_client;
/*!50503 SET character_set_client = utf8mb4 */;
/*!50001 CREATE VIEW `product_sales` AS SELECT 
 1 AS `first_name`,
 1 AS `customer_city`,
 1 AS `store_name`,
 1 AS `store_city`,
 1 AS `payment_method`,
 1 AS `quantity`,
 1 AS `original_price`,
 1 AS `unit_sal_price`,
 1 AS `total_price`,
 1 AS `discount_percent`,
 1 AS `total_price_after_pm`,
 1 AS `sale_datetime`,
 1 AS `product_name`,
 1 AS `category`,
 1 AS `brand`*/;
SET character_set_client = @saved_cs_client;

--
-- Temporary view structure for view `product_sales_measures`
--

DROP TABLE IF EXISTS `product_sales_measures`;
/*!50001 DROP VIEW IF EXISTS `product_sales_measures`*/;
SET @saved_cs_client     = @@character_set_client;
/*!50503 SET character_set_client = utf8mb4 */;
/*!50001 CREATE VIEW `product_sales_measures` AS SELECT 
 1 AS `first_name`,
 1 AS `customer_city`,
 1 AS `store_name`,
 1 AS `store_city`,
 1 AS `payment_method`,
 1 AS `quantity`,
 1 AS `original_price`,
 1 AS `unit_sal_price`,
 1 AS `total_price`,
 1 AS `discount_percent`,
 1 AS `total_price_after_pm`,
 1 AS `sale_datetime`,
 1 AS `product_name`,
 1 AS `category`,
 1 AS `brand`,
 1 AS `Revenue`,
 1 AS `Profit`,
 1 AS `Margin`*/;
SET character_set_client = @saved_cs_client;

--
-- Table structure for table `products`
--

DROP TABLE IF EXISTS `products`;
/*!40101 SET @saved_cs_client     = @@character_set_client */;
/*!50503 SET character_set_client = utf8mb4 */;
CREATE TABLE `products` (
  `product_id` int NOT NULL AUTO_INCREMENT,
  `product_name` varchar(100) DEFAULT NULL,
  `category` varchar(50) DEFAULT NULL,
  `brand` varchar(50) DEFAULT NULL,
  `original_price` decimal(10,2) DEFAULT NULL,
  PRIMARY KEY (`product_id`)
) ENGINE=InnoDB AUTO_INCREMENT=294 DEFAULT CHARSET=utf8mb4 COLLATE=utf8mb4_0900_ai_ci;
/*!40101 SET character_set_client = @saved_cs_client */;

--
-- Dumping data for table `products`
--

LOCK TABLES `products` WRITE;
/*!40000 ALTER TABLE `products` DISABLE KEYS */;
INSERT INTO `products` VALUES (1,'Body Lotion','Bodycare','LuxeBeauty',373.36),(2,'Hydrating Sunscreen','Skincare','GlowCare',192.71),(3,'Red Nail Strengthener','Nailcare','LuxeBeauty',86.53),(4,'Brightening Toner','Skincare','LuxeBeauty',285.01),(5,'Hand Cream','Bodycare','NailArt',239.10),(6,'Green Nail Polish','Nailcare','Scentora',352.09),(7,'Perfume - Lavender','Fragrance','SilkShine',289.25),(8,'Red Foundation','Makeup','GlowCare',185.90),(9,'Green Nail Polish','Nailcare','LockTress',272.75),(10,'Silk Styling Gel','Haircare','PureGlow',245.94),(11,'Perfume - Oriental','Fragrance','SilkShine',363.24),(12,'Body Lotion','Bodycare','PureGlow',492.76),(13,'Hydrating Face Mask','Skincare','PureGlow',93.24),(14,'Perfume - Lavender','Fragrance','VitaSkin',278.30),(15,'Perfume - Floral','Fragrance','GlowCare',254.93),(16,'Blue Base Coat','Nailcare','LockTress',207.68),(17,'Hand Cream','Bodycare','NailArt',117.61),(18,'Nude Lip Gloss','Makeup','LuxeBeauty',404.47),(19,'Perfume - Rose','Fragrance','SilkShine',85.39),(20,'Body Scrub','Bodycare','SilkShine',84.08),(21,'Body Scrub','Bodycare','Scentora',277.33),(22,'Hand Cream','Bodycare','NailArt',138.74),(23,'Repair Hair Mask','Haircare','VitaSkin',78.51),(24,'Clear Nail Polish','Nailcare','LuxeBeauty',431.94),(25,'Body Lotion','Bodycare','AromaEssence',302.24),(26,'Repair Hair Mask','Haircare','NailArt',330.75),(27,'Gold Eyeshadow','Makeup','GlowCare',344.04),(28,'Perfume - Floral','Fragrance','VitaSkin',292.12),(29,'Anti-Aging Moisturizing Cream','Skincare','PureGlow',151.19),(30,'Brightening Moisturizing Cream','Skincare','PureGlow',422.42),(31,'Blue Base Coat','Nailcare','VitaSkin',383.63),(32,'Red Top Coat','Nailcare','LockTress',19.54),(33,'Perfume - Vanilla','Fragrance','SilkShine',159.86),(34,'Red Nail Polish','Nailcare','LockTress',409.85),(35,'Blue Base Coat','Nailcare','LockTress',473.96),(36,'Perfume - Oriental','Fragrance','BodyBliss',217.34),(37,'Blue Top Coat','Nailcare','AromaEssence',497.62),(38,'Perfume - Citrus','Fragrance','NailArt',231.23),(39,'Hydrating Serum','Skincare','LuxeBeauty',145.87),(40,'Blue Nail Polish','Nailcare','GlowCare',356.84),(41,'Hydrating Moisturizing Cream','Skincare','VitaSkin',44.72),(42,'Perfume - Floral','Fragrance','LockTress',187.52),(43,'Hand Cream','Bodycare','BodyBliss',135.22),(44,'Volume Shampoo','Haircare','GlowCare',286.49),(45,'Perfume - Citrus','Fragrance','AromaEssence',212.32),(46,'Gold Eyeshadow','Makeup','GlowCare',39.70),(47,'Perfume - Rose','Fragrance','SilkShine',103.88),(48,'Silk Hair Mask','Haircare','Scentora',146.49),(49,'Black Lip Gloss','Makeup','NailArt',57.98),(50,'Red Nail Polish','Nailcare','SilkShine',94.61),(51,'Silk Hair Mask','Haircare','LuxeBeauty',284.16),(52,'Volume Hair Mask','Haircare','PureGlow',275.11),(53,'Hand Cream','Bodycare','LockTress',85.85),(54,'Hydrating Toner','Skincare','NailArt',419.40),(55,'Red Blush','Makeup','LockTress',140.27),(56,'Blue Nail Polish','Nailcare','NailArt',188.74),(57,'Brown Lipstick','Makeup','SilkShine',107.51),(58,'Blue Nail Polish','Nailcare','BodyBliss',50.17),(59,'Green Top Coat','Nailcare','SilkShine',338.17),(60,'Anti-Aging Face Mask','Skincare','Scentora',339.13),(61,'Volume Hair Serum','Haircare','LuxeBeauty',234.56),(62,'Red Blush','Makeup','SilkShine',69.69),(63,'Perfume - Rose','Fragrance','SilkShine',324.41),(64,'Repair Conditioner','Haircare','BodyBliss',492.09),(65,'Hand Cream','Bodycare','LuxeBeauty',87.00),(66,'Perfume - Floral','Fragrance','GlowCare',100.54),(67,'Perfume - Rose','Fragrance','GlowCare',373.78),(68,'Perfume - Vanilla','Fragrance','BodyBliss',113.21),(69,'Brightening Sunscreen','Skincare','PureGlow',257.65),(70,'Red Eyeshadow','Makeup','AromaEssence',303.25),(71,'Pink Lip Gloss','Makeup','Scentora',322.19),(72,'Brightening Face Mask','Skincare','NailArt',355.78),(73,'Red Lipstick','Makeup','Scentora',277.34),(74,'Perfume - Oriental','Fragrance','NailArt',80.22),(75,'Pink Mascara','Makeup','LuxeBeauty',99.35),(76,'Body Lotion','Bodycare','GlowCare',183.30),(77,'Repair Shampoo','Haircare','SilkShine',433.66),(78,'Anti-Aging Moisturizing Cream','Skincare','Scentora',370.92),(79,'Repair Shampoo','Haircare','PureGlow',320.68),(80,'Black Lip Gloss','Makeup','LuxeBeauty',87.92),(81,'Anti-Aging Serum','Skincare','PureGlow',92.66),(82,'Hydrating Moisturizing Cream','Skincare','SilkShine',352.65),(83,'Pink Mascara','Makeup','NailArt',205.84),(84,'Green Nail Polish','Nailcare','GlowCare',439.75),(85,'Brightening Serum','Skincare','LuxeBeauty',63.12),(86,'Perfume - Floral','Fragrance','VitaSkin',223.83),(87,'Black Blush','Makeup','SilkShine',260.75),(88,'Silk Styling Gel','Haircare','NailArt',238.62),(89,'Hand Cream','Bodycare','SilkShine',188.47),(90,'Body Scrub','Bodycare','BodyBliss',287.81),(91,'Gold Mascara','Makeup','NailArt',149.35),(92,'Perfume - Citrus','Fragrance','PureGlow',281.66),(93,'Repair Hair Mask','Haircare','Scentora',346.39),(94,'Repair Hair Serum','Haircare','PureGlow',150.59),(95,'Green Nail Strengthener','Nailcare','LockTress',254.63),(96,'Clear Base Coat','Nailcare','GlowCare',149.06),(97,'Hand Cream','Bodycare','VitaSkin',55.76),(98,'Brightening Serum','Skincare','SilkShine',405.22),(99,'Red Eyeliner','Makeup','LockTress',309.52),(100,'Black Foundation','Makeup','BodyBliss',105.27),(101,'Volume Hair Mask','Haircare','SilkShine',82.31),(102,'Red Lip Gloss','Makeup','AromaEssence',208.06),(103,'Hand Cream','Bodycare','LockTress',368.37),(104,'Black Eyeliner','Makeup','LockTress',337.11),(105,'Green Nail Strengthener','Nailcare','BodyBliss',409.35),(106,'Clear Nail Strengthener','Nailcare','Scentora',374.39),(107,'Volume Shampoo','Haircare','PureGlow',145.15),(108,'Repair Shampoo','Haircare','PureGlow',331.06),(109,'Perfume - Lavender','Fragrance','PureGlow',179.38),(110,'Red Base Coat','Nailcare','Scentora',347.15),(111,'Brightening Cleansing Gel','Skincare','GlowCare',213.29),(112,'Clear Nail Strengthener','Nailcare','LuxeBeauty',336.49),(113,'Repair Hair Serum','Haircare','BodyBliss',196.39),(114,'Perfume - Vanilla','Fragrance','AromaEssence',428.19),(115,'Repair Styling Gel','Haircare','BodyBliss',449.93),(116,'Anti-Aging Face Mask','Skincare','LockTress',24.22),(117,'Hand Cream','Bodycare','AromaEssence',364.85),(118,'Silk Styling Gel','Haircare','NailArt',23.21),(119,'Red Nail Polish','Nailcare','AromaEssence',76.49),(120,'Hydrating Serum','Skincare','AromaEssence',170.40),(121,'Perfume - Vanilla','Fragrance','AromaEssence',146.35),(122,'Volume Hair Serum','Haircare','LockTress',371.75),(123,'Pink Eyeliner','Makeup','GlowCare',149.71),(124,'Red Eyeliner','Makeup','SilkShine',253.05),(125,'Hydrating Cleansing Gel','Skincare','LockTress',338.03),(126,'Anti-Aging Sunscreen','Skincare','PureGlow',97.05),(127,'Red Base Coat','Nailcare','PureGlow',265.74),(128,'Perfume - Oriental','Fragrance','AromaEssence',340.60),(129,'Hydrating Toner','Skincare','SilkShine',59.93),(130,'Perfume - Floral','Fragrance','BodyBliss',404.71),(131,'Red Top Coat','Nailcare','NailArt',219.91),(132,'Brown Eyeshadow','Makeup','VitaSkin',220.01),(133,'Silk Hair Mask','Haircare','VitaSkin',287.72),(134,'Repair Shampoo','Haircare','AromaEssence',231.19),(135,'Body Scrub','Bodycare','BodyBliss',85.70),(136,'Volume Hair Mask','Haircare','BodyBliss',262.71),(137,'Hydrating Serum','Skincare','LockTress',264.02),(138,'Clear Top Coat','Nailcare','LuxeBeauty',252.21),(139,'Anti-Aging Cleansing Gel','Skincare','VitaSkin',225.73),(140,'Perfume - Oriental','Fragrance','PureGlow',282.34),(141,'Hydrating Cleansing Gel','Skincare','AromaEssence',323.69),(142,'Brightening Face Mask','Skincare','LockTress',146.09),(143,'Pink Eyeliner','Makeup','AromaEssence',348.98),(144,'Hand Cream','Bodycare','VitaSkin',261.78),(145,'Perfume - Citrus','Fragrance','NailArt',267.13),(146,'Volume Conditioner','Haircare','PureGlow',79.24),(147,'Anti-Aging Moisturizing Cream','Skincare','NailArt',475.93),(148,'Hydrating Cleansing Gel','Skincare','LockTress',141.97),(149,'Green Nail Polish','Nailcare','SilkShine',155.16),(150,'Anti-Aging Moisturizing Cream','Skincare','NailArt',255.12),(151,'Brown Mascara','Makeup','Scentora',296.08),(152,'Silk Hair Serum','Haircare','BodyBliss',149.33),(153,'Volume Shampoo','Haircare','LuxeBeauty',275.05),(154,'Silk Hair Serum','Haircare','AromaEssence',250.96),(155,'Hand Cream','Bodycare','LuxeBeauty',390.82),(156,'Green Nail Polish','Nailcare','SilkShine',68.04),(157,'Repair Styling Gel','Haircare','BodyBliss',120.59),(158,'Volume Hair Mask','Haircare','PureGlow',111.10),(159,'Perfume - Oriental','Fragrance','BodyBliss',144.78),(160,'Body Lotion','Bodycare','SilkShine',185.37),(161,'Body Lotion','Bodycare','Scentora',127.53),(162,'Nude Lipstick','Makeup','AromaEssence',230.75),(163,'Volume Hair Serum','Haircare','SilkShine',344.20),(164,'Body Scrub','Bodycare','GlowCare',346.82),(165,'Perfume - Floral','Fragrance','BodyBliss',333.98),(166,'Anti-Aging Moisturizing Cream','Skincare','NailArt',120.16),(167,'Perfume - Lavender','Fragrance','GlowCare',393.52),(168,'Perfume - Oriental','Fragrance','BodyBliss',291.99),(169,'Black Eyeshadow','Makeup','PureGlow',352.87),(170,'Perfume - Oriental','Fragrance','NailArt',251.96),(171,'Red Nail Strengthener','Nailcare','VitaSkin',305.82),(172,'Nude Eyeshadow','Makeup','BodyBliss',297.69),(173,'Body Scrub','Bodycare','BodyBliss',29.71),(174,'Anti-Aging Toner','Skincare','LockTress',458.88),(175,'Clear Nail Strengthener','Nailcare','GlowCare',240.31),(176,'Perfume - Vanilla','Fragrance','GlowCare',235.99),(177,'Repair Hair Mask','Haircare','PureGlow',283.57),(178,'Red Nail Strengthener','Nailcare','GlowCare',164.11),(179,'Black Lip Gloss','Makeup','NailArt',234.02),(180,'Hand Cream','Bodycare','LockTress',235.82),(181,'Green Nail Strengthener','Nailcare','LockTress',382.40),(182,'Perfume - Oriental','Fragrance','Scentora',464.56),(183,'Body Scrub','Bodycare','GlowCare',24.15),(184,'Blue Base Coat','Nailcare','PureGlow',279.91),(185,'Silk Shampoo','Haircare','GlowCare',150.61),(186,'Body Lotion','Bodycare','LockTress',341.86),(187,'Green Nail Strengthener','Nailcare','LockTress',490.32),(188,'Repair Shampoo','Haircare','AromaEssence',83.13),(189,'Blue Nail Polish','Nailcare','PureGlow',388.61),(190,'Volume Styling Gel','Haircare','PureGlow',148.87),(191,'Body Scrub','Bodycare','BodyBliss',294.16),(192,'Silk Hair Mask','Haircare','NailArt',247.33),(193,'Clear Nail Strengthener','Nailcare','VitaSkin',160.76),(194,'Brightening Face Mask','Skincare','SilkShine',429.45),(195,'Pink Eyeshadow','Makeup','LockTress',101.63),(196,'Volume Shampoo','Haircare','LockTress',482.76),(197,'Green Nail Polish','Nailcare','LockTress',58.86),(198,'Silk Shampoo','Haircare','AromaEssence',436.76),(199,'Hydrating Face Mask','Skincare','PureGlow',175.90),(200,'Repair Hair Serum','Haircare','VitaSkin',326.05),(201,'Clear Top Coat','Nailcare','LockTress',437.47),(202,'Red Base Coat','Nailcare','PureGlow',205.63),(203,'Black Lipstick','Makeup','GlowCare',227.40),(204,'Perfume - Rose','Fragrance','LuxeBeauty',97.22),(205,'Perfume - Vanilla','Fragrance','VitaSkin',221.04),(206,'Clear Base Coat','Nailcare','Scentora',95.78),(207,'Repair Shampoo','Haircare','LockTress',289.50),(208,'Anti-Aging Sunscreen','Skincare','PureGlow',132.51),(209,'Black Mascara','Makeup','NailArt',87.41),(210,'Perfume - Oriental','Fragrance','PureGlow',154.68),(211,'Body Scrub','Bodycare','LockTress',424.20),(212,'Volume Hair Serum','Haircare','SilkShine',427.71),(213,'Green Top Coat','Nailcare','LuxeBeauty',264.68),(214,'Volume Hair Serum','Haircare','BodyBliss',433.88),(215,'Body Lotion','Bodycare','BodyBliss',98.74),(216,'Perfume - Lavender','Fragrance','BodyBliss',286.36),(217,'Body Lotion','Bodycare','BodyBliss',132.81),(218,'Hand Cream','Bodycare','Scentora',213.48),(219,'Hand Cream','Bodycare','LuxeBeauty',161.38),(220,'Brown Mascara','Makeup','Scentora',54.17),(221,'Perfume - Floral','Fragrance','AromaEssence',96.06),(222,'Green Top Coat','Nailcare','Scentora',275.25),(223,'Volume Conditioner','Haircare','GlowCare',239.48),(224,'Hydrating Sunscreen','Skincare','AromaEssence',264.66),(225,'Green Nail Polish','Nailcare','AromaEssence',123.25),(226,'Black Mascara','Makeup','PureGlow',131.63),(227,'Body Scrub','Bodycare','GlowCare',340.67),(228,'Brown Blush','Makeup','VitaSkin',458.48),(229,'Body Lotion','Bodycare','LockTress',455.60),(230,'Body Scrub','Bodycare','GlowCare',78.49),(231,'Pink Foundation','Makeup','GlowCare',57.62),(232,'Blue Nail Strengthener','Nailcare','LockTress',191.80),(233,'Hand Cream','Bodycare','NailArt',215.37),(234,'Body Lotion','Bodycare','AromaEssence',330.91),(235,'Repair Hair Mask','Haircare','PureGlow',179.53),(236,'Anti-Aging Face Mask','Skincare','SilkShine',220.15),(237,'Body Scrub','Bodycare','NailArt',451.83),(238,'Perfume - Rose','Fragrance','AromaEssence',318.79),(239,'Black Lipstick','Makeup','SilkShine',327.38),(240,'Red Lip Gloss','Makeup','VitaSkin',366.89),(241,'Blue Nail Polish','Nailcare','NailArt',227.79),(242,'Anti-Aging Cleansing Gel','Skincare','BodyBliss',97.34),(243,'Hydrating Toner','Skincare','PureGlow',327.63),(244,'Body Lotion','Bodycare','Scentora',107.15),(245,'Brightening Serum','Skincare','LuxeBeauty',268.44),(246,'Brightening Face Mask','Skincare','NailArt',65.69),(247,'Volume Conditioner','Haircare','NailArt',226.08),(248,'Blue Nail Polish','Nailcare','NailArt',98.03),(249,'Red Foundation','Makeup','AromaEssence',218.87),(250,'Repair Hair Mask','Haircare','GlowCare',450.64),(251,'Blue Nail Polish','Nailcare','Scentora',144.76),(252,'Green Nail Strengthener','Nailcare','BodyBliss',116.35),(253,'Clear Nail Polish','Nailcare','GlowCare',255.80),(254,'Blue Nail Strengthener','Nailcare','LockTress',176.91),(255,'Perfume - Citrus','Fragrance','AromaEssence',296.79),(256,'Perfume - Citrus','Fragrance','VitaSkin',80.47),(257,'Brightening Face Mask','Skincare','GlowCare',177.36),(258,'Black Lipstick','Makeup','VitaSkin',131.25),(259,'Brown Blush','Makeup','NailArt',168.51),(260,'Volume Hair Mask','Haircare','LuxeBeauty',270.96),(261,'Perfume - Vanilla','Fragrance','GlowCare',183.84),(262,'Brightening Face Mask','Skincare','SilkShine',425.16),(263,'Green Nail Polish','Nailcare','PureGlow',180.08),(264,'Repair Styling Gel','Haircare','BodyBliss',117.42),(265,'Brown Eyeshadow','Makeup','PureGlow',98.35),(266,'Body Scrub','Bodycare','VitaSkin',182.00),(267,'Brightening Sunscreen','Skincare','AromaEssence',44.10),(268,'Body Lotion','Bodycare','GlowCare',375.59),(269,'Volume Hair Mask','Haircare','VitaSkin',162.77),(270,'Body Scrub','Bodycare','BodyBliss',421.32),(271,'Nude Eyeliner','Makeup','BodyBliss',34.38),(272,'Perfume - Citrus','Fragrance','AromaEssence',305.38),(273,'Volume Shampoo','Haircare','NailArt',202.53),(274,'Pink Eyeshadow','Makeup','BodyBliss',377.87),(275,'Perfume - Rose','Fragrance','SilkShine',130.74),(276,'Red Eyeliner','Makeup','PureGlow',86.36),(277,'Anti-Aging Serum','Skincare','VitaSkin',68.79),(278,'Body Scrub','Bodycare','Scentora',73.30),(279,'Body Lotion','Bodycare','NailArt',334.54),(280,'Perfume - Rose','Fragrance','AromaEssence',432.26),(281,'Silk Hair Mask','Haircare','GlowCare',437.51),(282,'Repair Hair Mask','Haircare','AromaEssence',151.86),(283,'Pink Eyeliner','Makeup','BodyBliss',235.45),(284,'Perfume - Rose','Fragrance','AromaEssence',412.17),(285,'Repair Hair Mask','Haircare','NailArt',252.57),(286,'Perfume - Floral','Fragrance','VitaSkin',232.35),(287,'Hydrating Toner','Skincare','GlowCare',214.57),(288,'Perfume - Vanilla','Fragrance','Scentora',291.87),(289,'Perfume - Lavender','Fragrance','Scentora',70.27),(290,'Body Lotion','Bodycare','Scentora',476.13),(291,'Volume Styling Gel','Haircare','BodyBliss',149.62),(292,'Green Top Coat','Nailcare','Scentora',68.70),(293,'Repair Conditioner','Haircare','PureGlow',287.92);
/*!40000 ALTER TABLE `products` ENABLE KEYS */;
UNLOCK TABLES;

--
-- Table structure for table `promotions`
--

DROP TABLE IF EXISTS `promotions`;
/*!40101 SET @saved_cs_client     = @@character_set_client */;
/*!50503 SET character_set_client = utf8mb4 */;
CREATE TABLE `promotions` (
  `promo_id` int NOT NULL AUTO_INCREMENT,
  `product_id` int DEFAULT NULL,
  `discount_percent` decimal(5,2) DEFAULT NULL,
  `start_date` date DEFAULT NULL,
  `end_date` date DEFAULT NULL,
  PRIMARY KEY (`promo_id`),
  KEY `product_id` (`product_id`),
  CONSTRAINT `promotions_ibfk_1` FOREIGN KEY (`product_id`) REFERENCES `products` (`product_id`)
) ENGINE=InnoDB AUTO_INCREMENT=294 DEFAULT CHARSET=utf8mb4 COLLATE=utf8mb4_0900_ai_ci;
/*!40101 SET character_set_client = @saved_cs_client */;

--
-- Dumping data for table `promotions`
--

LOCK TABLES `promotions` WRITE;
/*!40000 ALTER TABLE `promotions` DISABLE KEYS */;
INSERT INTO `promotions` VALUES (1,1,49.59,'2024-08-24','2024-10-04'),(2,2,11.54,'2024-03-21','2024-06-18'),(3,3,8.45,'2024-03-07','2024-03-30'),(4,4,39.77,'2024-02-22','2024-04-10'),(5,5,18.00,'2025-10-03','2025-10-28'),(6,6,27.76,'2024-04-10','2024-06-12'),(7,7,28.93,'2024-12-02','2025-02-28'),(8,8,43.49,'2024-05-23','2024-07-05'),(9,9,6.85,'2025-08-16','2025-09-14'),(10,10,16.57,'2025-09-12','2025-10-11'),(11,11,24.21,'2024-02-14','2024-04-22'),(12,12,25.81,'2024-04-28','2024-06-18'),(13,13,9.75,'2024-03-15','2024-04-13'),(14,14,24.46,'2024-07-25','2024-10-13'),(15,15,13.13,'2025-06-02','2025-06-19'),(16,16,35.69,'2024-08-08','2024-10-21'),(17,17,19.39,'2024-03-06','2024-05-07'),(18,18,25.06,'2025-03-22','2025-04-12'),(19,19,14.92,'2024-05-04','2024-05-24'),(20,20,6.94,'2024-04-24','2024-07-02'),(21,21,12.64,'2024-08-18','2024-10-06'),(22,22,7.86,'2024-07-28','2024-09-17'),(23,23,18.82,'2025-08-29','2025-09-21'),(24,24,36.30,'2024-06-13','2024-08-11'),(25,25,16.79,'2025-07-15','2025-10-03'),(26,26,24.04,'2025-10-13','2025-12-15'),(27,27,36.91,'2025-09-10','2025-10-07'),(28,28,12.47,'2024-11-14','2024-12-07'),(29,29,34.37,'2025-02-10','2025-03-03'),(30,30,23.13,'2024-10-29','2024-12-11'),(31,31,19.21,'2024-02-26','2024-03-22'),(32,32,11.39,'2024-08-23','2024-09-04'),(33,33,11.65,'2024-06-08','2024-08-30'),(34,34,47.93,'2024-08-07','2024-09-02'),(35,35,45.12,'2024-09-24','2024-10-25'),(36,36,45.94,'2025-09-20','2025-11-11'),(37,37,19.27,'2024-09-28','2024-11-22'),(38,38,9.18,'2024-04-14','2024-06-14'),(39,39,25.78,'2025-09-08','2025-10-29'),(40,40,12.79,'2024-01-22','2024-02-19'),(41,41,10.29,'2024-05-18','2024-07-28'),(42,42,19.04,'2024-04-17','2024-05-29'),(43,43,15.10,'2024-01-01','2024-02-09'),(44,44,20.27,'2024-02-19','2024-04-01'),(45,45,26.53,'2024-01-27','2024-04-16'),(46,46,48.78,'2025-06-27','2025-09-04'),(47,47,45.26,'2024-03-24','2024-04-13'),(48,48,48.05,'2024-01-09','2024-04-03'),(49,49,43.63,'2025-03-16','2025-04-25'),(50,50,21.64,'2024-03-10','2024-06-05'),(51,51,17.28,'2025-01-31','2025-03-23'),(52,52,15.59,'2024-02-12','2024-04-20'),(53,53,18.14,'2024-11-05','2025-01-28'),(54,54,10.81,'2024-04-23','2024-05-31'),(55,55,6.36,'2024-11-12','2024-12-28'),(56,56,12.78,'2025-01-03','2025-02-06'),(57,57,32.60,'2025-10-08','2025-12-01'),(58,58,46.72,'2024-01-06','2024-03-31'),(59,59,46.99,'2024-07-28','2024-10-01'),(60,60,11.15,'2024-11-28','2025-01-24'),(61,61,25.56,'2025-05-16','2025-07-07'),(62,62,34.00,'2024-09-16','2024-10-31'),(63,63,17.74,'2024-02-11','2024-02-20'),(64,64,47.13,'2024-07-21','2024-09-29'),(65,65,16.17,'2024-05-10','2024-07-10'),(66,66,11.88,'2025-03-30','2025-05-04'),(67,67,15.34,'2025-05-29','2025-08-16'),(68,68,9.39,'2024-07-09','2024-08-28'),(69,69,33.13,'2024-05-03','2024-07-09'),(70,70,21.56,'2024-08-22','2024-10-17'),(71,71,16.69,'2025-01-23','2025-02-14'),(72,72,34.93,'2025-04-24','2025-06-03'),(73,73,27.88,'2024-08-10','2024-10-14'),(74,74,21.89,'2024-08-24','2024-11-14'),(75,75,24.20,'2024-03-08','2024-05-17'),(76,76,6.45,'2024-05-22','2024-06-25'),(77,77,21.54,'2024-02-02','2024-04-29'),(78,78,8.27,'2024-02-24','2024-03-30'),(79,79,20.44,'2024-02-13','2024-04-13'),(80,80,29.84,'2025-06-16','2025-09-07'),(81,81,8.46,'2024-10-17','2024-12-19'),(82,82,15.36,'2025-10-09','2025-12-05'),(83,83,34.65,'2024-11-13','2025-01-12'),(84,84,12.38,'2025-07-21','2025-10-16'),(85,85,11.15,'2025-03-20','2025-04-11'),(86,86,29.62,'2025-10-01','2025-11-15'),(87,87,34.10,'2024-05-14','2024-06-02'),(88,88,16.19,'2024-11-26','2025-02-04'),(89,89,36.29,'2025-06-06','2025-08-14'),(90,90,18.21,'2025-05-27','2025-08-03'),(91,91,-41.64,'2025-05-08','2025-07-04'),(92,92,32.87,'2024-10-30','2024-11-20'),(93,93,7.41,'2025-04-08','2025-05-11'),(94,94,12.12,'2025-05-01','2025-07-26'),(95,95,29.78,'2025-08-01','2025-09-09'),(96,96,26.22,'2024-07-01','2024-09-06'),(97,97,39.15,'2025-05-15','2025-08-01'),(98,98,38.20,'2025-01-17','2025-03-31'),(99,99,16.40,'2025-05-13','2025-05-20'),(100,100,14.80,'2025-06-13','2025-08-20'),(101,101,41.23,'2025-06-10','2025-07-22'),(102,102,-37.00,'2024-12-22','2025-03-04'),(103,103,20.32,'2025-01-31','2025-03-14'),(104,104,15.66,'2024-04-29','2024-05-18'),(105,105,8.48,'2025-09-17','2025-12-06'),(106,106,45.96,'2024-06-08','2024-07-20'),(107,107,6.39,'2024-08-15','2024-09-05'),(108,108,10.00,'2024-11-09','2024-12-10'),(109,109,17.07,'2024-10-18','2024-12-25'),(110,110,11.16,'2025-08-30','2025-11-10'),(111,111,21.70,'2024-07-11','2024-08-31'),(112,112,8.34,'2025-06-13','2025-08-13'),(113,113,31.05,'2025-01-24','2025-03-12'),(114,114,9.67,'2025-07-24','2025-08-27'),(115,115,9.77,'2024-05-22','2024-07-08'),(116,116,33.39,'2025-09-15','2025-10-19'),(117,117,44.04,'2024-09-12','2024-09-27'),(118,118,8.02,'2024-11-24','2025-02-20'),(119,119,40.12,'2024-09-12','2024-11-18'),(120,120,14.55,'2024-06-09','2024-08-31'),(121,121,38.51,'2024-09-12','2024-11-01'),(122,122,-36.48,'2025-10-11','2025-10-21'),(123,123,12.84,'2024-11-04','2024-12-13'),(124,124,13.41,'2025-06-08','2025-06-28'),(125,125,27.13,'2025-04-20','2025-06-12'),(126,126,16.87,'2024-04-02','2024-05-01'),(127,127,23.56,'2024-04-08','2024-06-29'),(128,128,8.40,'2025-04-21','2025-05-03'),(129,129,7.27,'2025-07-15','2025-10-06'),(130,130,18.25,'2024-05-15','2024-06-23'),(131,131,44.03,'2025-06-24','2025-07-25'),(132,132,7.73,'2024-10-14','2024-12-22'),(133,133,9.57,'2025-02-09','2025-04-01'),(134,134,6.80,'2024-05-21','2024-07-12'),(135,135,23.00,'2024-10-31','2024-11-16'),(136,136,33.90,'2024-01-11','2024-03-24'),(137,137,13.22,'2025-07-18','2025-10-12'),(138,138,34.00,'2025-01-27','2025-02-07'),(139,139,8.62,'2025-03-21','2025-06-18'),(140,140,13.97,'2024-07-14','2024-08-08'),(141,141,23.22,'2025-07-01','2025-09-26'),(142,142,-16.97,'2025-01-23','2025-04-08'),(143,143,40.83,'2024-10-03','2024-12-01'),(144,144,12.78,'2024-12-07','2025-01-12'),(145,145,-57.23,'2025-04-01','2025-05-10'),(146,146,16.25,'2024-03-18','2024-05-13'),(147,147,42.78,'2025-01-21','2025-02-13'),(148,148,11.48,'2025-03-16','2025-06-12'),(149,149,28.60,'2025-01-06','2025-02-02'),(150,150,18.13,'2024-10-26','2024-12-24'),(151,151,-42.84,'2024-05-26','2024-08-08'),(152,152,26.15,'2024-04-24','2024-07-11'),(153,153,32.36,'2025-07-03','2025-09-17'),(154,154,37.41,'2024-09-29','2024-11-20'),(155,155,14.49,'2024-07-14','2024-09-14'),(156,156,28.80,'2025-03-08','2025-04-13'),(157,157,30.58,'2024-01-24','2024-03-14'),(158,158,34.81,'2025-03-13','2025-04-03'),(159,159,18.97,'2024-01-03','2024-03-14'),(160,160,9.41,'2024-04-30','2024-05-31'),(161,161,36.97,'2025-03-12','2025-04-14'),(162,162,8.66,'2024-02-02','2024-04-07'),(163,163,25.87,'2024-11-03','2025-01-19'),(164,164,48.07,'2024-07-31','2024-09-13'),(165,165,48.91,'2025-05-07','2025-06-30'),(166,166,27.93,'2024-03-14','2024-04-10'),(167,167,10.80,'2024-10-10','2024-12-20'),(168,168,5.21,'2024-02-19','2024-03-10'),(169,169,20.52,'2025-02-02','2025-04-17'),(170,170,5.43,'2025-05-03','2025-06-14'),(171,171,47.53,'2024-06-28','2024-07-28'),(172,172,34.64,'2025-01-26','2025-02-11'),(173,173,20.40,'2025-08-20','2025-09-11'),(174,174,18.81,'2025-06-03','2025-07-19'),(175,175,42.31,'2024-03-31','2024-05-17'),(176,176,33.13,'2025-07-07','2025-08-22'),(177,177,20.97,'2025-05-03','2025-05-20'),(178,178,41.50,'2024-11-08','2025-01-11'),(179,179,26.76,'2024-02-10','2024-03-18'),(180,180,7.18,'2024-10-19','2024-11-13'),(181,181,11.76,'2024-08-04','2024-09-19'),(182,182,40.68,'2025-10-06','2025-11-01'),(183,183,32.48,'2025-09-29','2025-10-15'),(184,184,39.38,'2024-11-09','2024-12-15'),(185,185,7.96,'2024-02-05','2024-03-03'),(186,186,20.39,'2025-05-27','2025-07-26'),(187,187,32.26,'2025-08-06','2025-09-07'),(188,188,7.27,'2025-03-17','2025-06-14'),(189,189,49.12,'2024-11-20','2025-02-08'),(190,190,8.06,'2024-04-20','2024-05-11'),(191,191,9.98,'2025-08-17','2025-09-29'),(192,192,34.62,'2025-06-11','2025-07-11'),(193,193,-42.56,'2024-10-23','2024-11-15'),(194,194,39.28,'2024-05-14','2024-07-11'),(195,195,26.62,'2025-07-19','2025-08-04'),(196,196,15.26,'2025-02-07','2025-04-26'),(197,197,41.70,'2024-08-02','2024-09-28'),(198,198,40.94,'2024-02-16','2024-04-22'),(199,199,25.86,'2024-08-05','2024-08-29'),(200,200,9.34,'2024-09-15','2024-10-29'),(201,201,43.02,'2025-01-22','2025-02-27'),(202,202,23.21,'2025-07-23','2025-08-11'),(203,203,47.66,'2025-08-01','2025-08-21'),(204,204,18.34,'2024-03-04','2024-03-22'),(205,205,31.33,'2025-03-23','2025-05-09'),(206,206,36.49,'2024-07-18','2024-10-15'),(207,207,-52.63,'2025-05-08','2025-05-24'),(208,208,15.41,'2024-12-09','2024-12-19'),(209,209,7.78,'2025-04-30','2025-06-09'),(210,210,11.80,'2024-09-28','2024-11-23'),(211,211,8.45,'2024-02-23','2024-05-02'),(212,212,-227.12,'2025-08-03','2025-09-01'),(213,213,28.23,'2025-07-30','2025-10-18'),(214,214,8.65,'2025-01-31','2025-04-01'),(215,215,9.35,'2024-05-05','2024-06-15'),(216,216,16.95,'2024-02-24','2024-05-19'),(217,217,49.91,'2024-04-21','2024-05-14'),(218,218,-108.91,'2025-08-06','2025-09-03'),(219,219,46.14,'2024-09-14','2024-10-24'),(220,220,38.60,'2024-12-25','2025-01-25'),(221,221,31.76,'2025-08-23','2025-09-16'),(222,222,22.95,'2024-01-10','2024-03-16'),(223,223,22.81,'2025-07-03','2025-08-14'),(224,224,-19.07,'2024-03-31','2024-06-18'),(225,225,24.40,'2024-12-13','2025-01-14'),(226,226,28.73,'2024-06-08','2024-08-04'),(227,227,34.03,'2025-05-07','2025-08-03'),(228,228,37.56,'2024-01-27','2024-04-09'),(229,229,17.79,'2024-05-22','2024-07-29'),(230,230,22.80,'2025-02-03','2025-03-29'),(231,231,37.20,'2025-06-23','2025-07-12'),(232,232,7.67,'2024-09-27','2024-10-13'),(233,233,22.14,'2025-03-24','2025-06-22'),(234,234,6.19,'2025-04-10','2025-06-04'),(235,235,-23.46,'2025-03-15','2025-04-13'),(236,236,-62.57,'2024-08-18','2024-10-27'),(237,237,42.64,'2025-04-08','2025-05-26'),(238,238,11.84,'2024-09-07','2024-11-15'),(239,239,6.12,'2024-01-10','2024-02-20'),(240,240,9.06,'2025-07-05','2025-09-15'),(241,241,20.12,'2025-07-21','2025-09-12'),(242,242,5.70,'2025-01-30','2025-04-09'),(243,243,10.37,'2025-05-27','2025-08-20'),(244,244,5.14,'2024-09-26','2024-12-11'),(245,245,15.32,'2024-11-02','2025-01-05'),(246,246,31.19,'2024-05-01','2024-07-16'),(247,247,26.81,'2024-10-07','2024-12-03'),(248,248,11.90,'2025-01-28','2025-03-30'),(249,249,33.75,'2024-06-10','2024-07-22'),(250,250,20.90,'2025-10-17','2025-12-18'),(251,251,47.42,'2024-06-06','2024-08-16'),(252,252,11.89,'2025-08-28','2025-11-09'),(253,253,6.54,'2024-06-26','2024-08-31'),(254,254,17.93,'2024-02-19','2024-03-04'),(255,255,-28.59,'2025-10-02','2025-11-07'),(256,256,18.65,'2025-05-06','2025-05-19'),(257,257,16.40,'2024-09-23','2024-11-10'),(258,258,11.39,'2025-09-18','2025-10-10'),(259,259,28.78,'2024-07-23','2024-10-20'),(260,260,-63.94,'2024-03-31','2024-06-23'),(261,261,8.01,'2025-03-22','2025-04-10'),(262,262,27.96,'2024-07-13','2024-08-25'),(263,263,-79.91,'2024-04-23','2024-06-12'),(264,264,25.77,'2024-08-27','2024-11-11'),(265,265,19.01,'2025-06-29','2025-07-09'),(266,266,7.61,'2024-06-27','2024-08-28'),(267,267,49.32,'2024-03-11','2024-05-28'),(268,268,44.42,'2024-10-13','2024-11-02'),(269,269,-55.87,'2025-01-04','2025-03-22'),(270,270,-180.90,'2024-09-11','2024-10-05'),(271,271,49.42,'2025-08-12','2025-10-04'),(272,272,26.60,'2025-07-08','2025-09-06'),(273,273,30.34,'2024-02-11','2024-03-07'),(274,274,10.05,'2025-04-06','2025-05-15'),(275,275,36.30,'2024-01-21','2024-02-24'),(276,276,31.83,'2024-08-06','2024-09-16'),(277,277,20.64,'2024-05-14','2024-08-08'),(278,278,21.97,'2025-01-09','2025-03-05'),(279,279,-180.70,'2024-07-08','2024-09-05'),(280,280,36.68,'2025-02-27','2025-04-27'),(281,281,8.42,'2025-07-05','2025-09-15'),(282,282,36.15,'2024-02-28','2024-03-25'),(283,283,27.43,'2024-04-18','2024-05-26'),(284,284,6.11,'2025-03-28','2025-05-12'),(285,285,19.04,'2024-04-04','2024-04-13'),(286,286,15.86,'2024-01-18','2024-04-13'),(287,287,9.59,'2025-01-14','2025-02-18'),(288,288,31.65,'2024-03-08','2024-03-17'),(289,289,6.18,'2024-05-26','2024-08-05'),(290,290,49.87,'2024-04-07','2024-05-15'),(291,291,33.31,'2025-07-09','2025-09-25'),(292,292,33.02,'2024-06-18','2024-06-30'),(293,293,-41.46,'2024-12-05','2024-12-21');
/*!40000 ALTER TABLE `promotions` ENABLE KEYS */;
UNLOCK TABLES;

--
-- Table structure for table `sale_details`
--

DROP TABLE IF EXISTS `sale_details`;
/*!40101 SET @saved_cs_client     = @@character_set_client */;
/*!50503 SET character_set_client = utf8mb4 */;
CREATE TABLE `sale_details` (
  `sale_detail_id` int NOT NULL AUTO_INCREMENT,
  `sale_id` int DEFAULT NULL,
  `product_id` int DEFAULT NULL,
  `quantity` int DEFAULT NULL,
  `unit_price` decimal(10,2) DEFAULT NULL,
  PRIMARY KEY (`sale_detail_id`),
  KEY `sale_id` (`sale_id`),
  KEY `product_id` (`product_id`),
  CONSTRAINT `sale_details_ibfk_1` FOREIGN KEY (`sale_id`) REFERENCES `sales` (`sale_id`),
  CONSTRAINT `sale_details_ibfk_2` FOREIGN KEY (`product_id`) REFERENCES `products` (`product_id`)
) ENGINE=InnoDB AUTO_INCREMENT=205 DEFAULT CHARSET=utf8mb4 COLLATE=utf8mb4_0900_ai_ci;
/*!40101 SET character_set_client = @saved_cs_client */;

--
-- Dumping data for table `sale_details`
--

LOCK TABLES `sale_details` WRITE;
/*!40000 ALTER TABLE `sale_details` DISABLE KEYS */;
INSERT INTO `sale_details` VALUES (1,3455,43,4,194.46),(2,3456,193,2,204.84),(3,3457,102,1,326.18),(4,3457,242,4,116.59),(5,3457,224,5,347.83),(6,3458,28,4,417.43),(7,3459,202,5,333.64),(8,3459,288,5,427.84),(9,3459,263,5,272.01),(10,3460,141,5,487.82),(11,3460,247,5,309.01),(12,3460,261,1,239.54),(13,3461,14,1,374.83),(14,3461,90,3,355.33),(15,3462,225,4,197.99),(16,3462,159,3,212.09),(17,3462,255,4,459.70),(18,3463,91,3,169.68),(19,3463,255,3,234.00),(20,3464,276,5,127.02),(21,3464,225,1,260.06),(22,3464,193,4,114.31),(23,3465,7,2,437.09),(24,3465,56,1,305.08),(25,3465,42,5,232.08),(26,3466,258,3,191.88),(27,3466,226,1,189.09),(28,3466,21,1,334.73),(29,3467,54,1,490.95),(30,3467,168,5,329.65),(31,3468,126,4,145.72),(32,3468,142,3,217.18),(33,3468,139,2,294.94),(34,3469,132,4,361.44),(35,3470,207,2,387.27),(36,3471,247,5,455.14),(37,3471,50,1,132.27),(38,3472,218,2,253.66),(39,3472,151,3,343.42),(40,3472,279,2,377.61),(41,3473,292,1,106.80),(42,3473,260,4,315.63),(43,3473,212,4,495.85),(44,3474,88,2,284.92),(45,3474,200,5,465.92),(46,3474,95,2,370.94),(47,3475,145,5,364.52),(48,3475,210,3,219.47),(49,3476,75,2,136.96),(50,3477,224,1,231.69),(51,3478,180,3,265.67),(52,3479,216,2,358.01),(53,3479,222,5,373.79),(54,3479,213,4,387.94),(55,3480,50,5,131.03),(56,3480,134,4,347.98),(57,3481,188,4,135.14),(58,3482,109,2,229.17),(59,3482,279,4,218.84),(60,3482,10,5,310.27),(61,3483,26,5,435.89),(62,3483,20,4,103.04),(63,3484,16,2,344.18),(64,3484,123,3,172.25),(65,3484,127,5,361.28),(66,3485,279,4,119.97),(67,3485,177,5,380.73),(68,3486,239,3,402.61),(69,3486,176,1,373.79),(70,3487,179,4,326.26),(71,3488,103,5,464.91),(72,3488,254,2,290.06),(73,3488,272,3,454.14),(74,3489,289,3,111.09),(75,3489,167,4,465.59),(76,3490,91,3,105.88),(77,3490,248,5,138.62),(78,3490,212,3,235.77),(79,3491,195,2,139.36),(80,3491,108,5,416.05),(81,3491,93,5,388.79),(82,3492,2,5,222.13),(83,3492,188,5,313.01),(84,3493,275,1,210.15),(85,3493,122,2,455.74),(86,3493,207,4,189.69),(87,3494,210,5,190.23),(88,3494,137,5,360.69),(89,3494,291,4,241.79),(90,3495,55,1,156.18),(91,3495,292,1,137.24),(92,3496,270,3,480.33),(93,3496,263,1,102.37),(94,3496,5,5,305.64),(95,3497,135,4,129.21),(96,3497,245,3,400.99),(97,3498,167,5,453.72),(98,3498,190,2,169.43),(99,3498,257,3,285.61),(100,3499,23,5,102.08),(101,3499,287,5,274.24),(102,3500,151,4,211.40),(103,3500,243,5,373.63),(104,3500,193,4,140.49),(105,3501,273,1,327.09),(106,3501,146,2,100.81),(107,3502,133,5,329.81),(108,3502,82,2,438.62),(109,3503,286,4,289.41),(110,3503,108,5,425.35),(111,3503,19,3,106.40),(112,3504,45,2,300.80),(113,3504,218,5,102.91),(114,3504,155,4,493.98),(115,3505,235,5,201.57),(116,3505,240,2,417.08),(117,3506,13,5,112.82),(118,3507,284,4,461.53),(119,3508,51,5,361.52),(120,3508,142,4,128.77),(121,3508,253,5,285.37),(122,3509,124,5,346.98),(123,3510,185,1,229.14),(124,3511,122,4,272.91),(125,3511,292,2,314.68),(126,3511,63,5,400.79),(127,3512,215,3,144.36),(128,3512,260,5,170.23),(129,3513,292,1,294.89),(130,3513,256,3,106.16),(131,3513,44,5,371.94),(132,3514,235,2,145.80),(133,3514,74,1,103.48),(134,3514,87,5,404.65),(135,3515,292,5,132.76),(136,3515,260,4,470.09),(137,3516,43,5,265.48),(138,3516,102,3,152.73),(139,3517,110,5,400.59),(140,3517,153,3,419.89),(141,3518,259,4,249.47),(142,3518,208,1,163.13),(143,3518,248,4,111.81),(144,3519,148,2,169.50),(145,3519,252,2,148.52),(146,3520,65,3,108.20),(147,3520,241,2,295.77),(148,3521,145,1,170.38),(149,3521,66,4,147.32),(150,3521,107,5,161.91),(151,3522,269,5,256.26),(152,3523,270,5,152.35),(153,3524,15,2,308.62),(154,3524,128,5,390.90),(155,3524,102,5,248.57),(156,3525,292,1,140.89),(157,3525,29,2,230.49),(158,3526,128,1,409.97),(159,3526,23,2,201.97),(160,3526,292,5,238.12),(161,3527,274,3,432.46),(162,3527,57,2,172.69),(163,3528,236,4,278.16),(164,3528,281,1,491.79),(165,3528,112,4,385.12),(166,3529,269,2,105.86),(167,3529,186,5,439.59),(168,3530,260,4,285.22),(169,3530,293,4,470.20),(170,3530,39,3,210.05),(171,3531,236,4,137.54),(172,3531,79,3,462.79),(173,3532,136,2,398.74),(174,3532,212,1,408.93),(175,3533,258,5,148.65),(176,3533,285,5,383.60),(177,3533,244,2,120.52),(178,3534,33,5,238.53),(179,3534,244,2,113.59),(180,3535,23,1,407.61),(181,3535,204,3,123.30),(182,3536,158,1,179.58),(183,3536,163,5,472.88),(184,3536,160,2,209.83),(185,3537,135,1,438.04),(186,3537,70,5,422.96),(187,3538,293,3,439.00),(188,3538,81,4,106.30),(189,3538,52,5,341.74),(190,3539,3,4,106.83),(191,3539,11,5,494.40),(192,3540,20,3,143.20),(193,3540,235,1,485.04),(194,3541,264,1,158.69),(195,3541,80,5,133.78),(196,3541,265,4,128.37),(197,3542,212,4,131.50),(198,3542,287,5,406.55),(199,3543,144,3,430.67),(200,3543,62,4,107.52),(201,3544,150,5,312.17),(202,3544,238,2,496.75),(203,3544,293,5,208.59),(204,3545,139,1,259.13);
/*!40000 ALTER TABLE `sale_details` ENABLE KEYS */;
UNLOCK TABLES;

--
-- Table structure for table `sales`
--

DROP TABLE IF EXISTS `sales`;
/*!40101 SET @saved_cs_client     = @@character_set_client */;
/*!50503 SET character_set_client = utf8mb4 */;
CREATE TABLE `sales` (
  `sale_id` int NOT NULL AUTO_INCREMENT,
  `customer_id` int DEFAULT NULL,
  `store_id` int DEFAULT NULL,
  `sale_datetime` datetime DEFAULT CURRENT_TIMESTAMP,
  `payment_method` enum('Cash','Credit Card','Online') DEFAULT NULL,
  PRIMARY KEY (`sale_id`),
  KEY `customer_id` (`customer_id`),
  KEY `store_id` (`store_id`),
  CONSTRAINT `sales_ibfk_1` FOREIGN KEY (`customer_id`) REFERENCES `customers` (`customer_id`),
  CONSTRAINT `sales_ibfk_2` FOREIGN KEY (`store_id`) REFERENCES `stores` (`store_id`)
) ENGINE=InnoDB AUTO_INCREMENT=4289 DEFAULT CHARSET=utf8mb4 COLLATE=utf8mb4_0900_ai_ci;
/*!40101 SET character_set_client = @saved_cs_client */;

--
-- Dumping data for table `sales`
--

LOCK TABLES `sales` WRITE;
/*!40000 ALTER TABLE `sales` DISABLE KEYS */;
INSERT INTO `sales` VALUES (3455,1,904,'2025-10-15 10:45:23','Credit Card'),(3456,2,905,'2025-10-14 15:12:09','Cash'),(3457,3,906,'2025-10-13 19:30:45','Online'),(3458,4,907,'2025-10-12 11:23:47','Credit Card'),(3459,5,908,'2025-10-11 09:16:32','Cash'),(3460,6,909,'2025-10-10 18:41:07','Credit Card'),(3461,7,910,'2025-10-09 11:52:18','Online'),(3462,8,911,'2025-10-08 20:08:49','Cash'),(3463,9,912,'2025-10-07 03:29:14','Credit Card'),(3464,10,913,'2025-10-06 16:37:25','Online'),(3465,11,914,'2025-10-05 12:45:33','Cash'),(3466,12,915,'2025-10-04 07:14:52','Credit Card'),(3467,13,916,'2025-10-03 22:03:41','Online'),(3468,14,917,'2025-10-02 15:51:08','Cash'),(3469,15,918,'2025-10-01 19:27:36','Credit Card'),(3470,16,919,'2025-09-30 05:38:19','Online'),(3471,17,920,'2025-09-29 10:12:47','Cash'),(3472,18,921,'2025-09-28 21:46:55','Credit Card'),(3473,19,922,'2025-09-27 08:59:23','Online'),(3474,20,923,'2025-09-26 13:34:02','Cash'),(3475,21,924,'2025-09-25 00:17:44','Credit Card'),(3476,22,925,'2025-09-24 17:05:31','Online'),(3477,23,926,'2025-09-23 06:22:59','Cash'),(3478,24,927,'2025-09-22 11:48:37','Credit Card'),(3479,25,928,'2025-09-21 23:11:05','Online'),(3480,26,929,'2025-09-20 14:36:28','Cash'),(3481,27,930,'2025-09-19 02:54:16','Credit Card'),(3482,28,931,'2025-09-18 09:01:53','Online'),(3483,29,932,'2025-09-17 20:25:41','Cash'),(3484,30,933,'2025-09-16 15:42:09','Credit Card'),(3485,31,934,'2025-09-15 07:58:22','Online'),(3486,32,935,'2025-09-14 18:33:50','Cash'),(3487,33,936,'2025-09-13 12:07:38','Credit Card'),(3488,34,937,'2025-09-12 04:20:16','Online'),(3489,35,938,'2025-09-11 21:45:24','Cash'),(3490,36,939,'2025-09-10 16:19:03','Credit Card'),(3491,37,940,'2025-09-09 08:52:37','Online'),(3492,38,941,'2025-09-08 13:28:05','Cash'),(3493,39,942,'2025-09-07 00:41:52','Credit Card'),(3494,40,943,'2025-09-06 19:06:29','Online'),(3495,41,944,'2025-09-05 10:51:14','Cash'),(3496,42,945,'2025-09-04 05:37:42','Credit Card'),(3497,43,946,'2025-09-03 22:09:20','Online'),(3498,44,947,'2025-09-02 17:34:58','Cash'),(3499,45,948,'2025-09-01 11:02:46','Credit Card'),(3500,46,949,'2025-08-31 03:25:31','Online'),(3501,47,950,'2025-08-30 18:50:19','Cash'),(3502,48,951,'2025-08-29 14:13:07','Credit Card'),(3503,49,952,'2025-08-28 09:38:53','Online'),(3504,50,953,'2025-08-27 21:01:26','Cash'),(3505,51,954,'2025-08-26 06:27:14','Credit Card'),(3506,52,955,'2025-08-25 12:52:40','Online'),(3507,53,956,'2025-08-24 00:14:08','Cash'),(3508,54,957,'2025-08-23 15:39:35','Credit Card'),(3509,55,958,'2025-08-22 07:06:22','Online'),(3510,56,959,'2025-08-21 19:31:50','Cash'),(3511,57,960,'2025-08-20 04:57:38','Credit Card'),(3512,58,961,'2025-08-19 20:22:14','Online'),(3513,59,962,'2025-08-18 16:08:47','Cash'),(3514,60,963,'2025-08-17 11:33:23','Credit Card'),(3515,61,964,'2025-08-16 03:46:51','Online'),(3516,62,965,'2025-08-15 18:11:29','Cash'),(3517,63,904,'2025-08-14 13:26:57','Credit Card'),(3518,64,905,'2025-08-13 07:44:46','Online'),(3519,65,906,'2025-08-12 22:09:33','Cash'),(3520,66,907,'2025-08-11 13:52:20','Credit Card'),(3521,67,908,'2025-08-10 00:15:57','Online'),(3522,68,909,'2025-08-09 11:40:43','Cash'),(3523,69,910,'2025-08-08 06:25:31','Credit Card'),(3524,70,911,'2025-08-07 18:48:59','Online'),(3525,71,912,'2025-08-06 14:13:47','Cash'),(3526,72,913,'2025-08-05 09:38:23','Credit Card'),(3527,73,914,'2025-08-04 21:01:15','Online'),(3528,74,915,'2025-08-03 07:26:42','Cash'),(3529,75,916,'2025-08-02 19:49:30','Credit Card'),(3530,76,917,'2025-08-01 05:34:18','Online'),(3531,77,918,'2025-07-31 17:07:54','Cash'),(3532,78,919,'2025-07-30 12:42:08','Credit Card'),(3533,79,920,'2025-07-29 04:55:36','Online'),(3534,80,921,'2025-07-28 16:28:52','Cash'),(3535,81,922,'2025-07-27 01:40:24','Credit Card'),(3536,82,923,'2025-07-26 13:13:50','Online'),(3537,83,924,'2025-07-25 08:38:36','Cash'),(3538,84,925,'2025-07-24 20:01:23','Credit Card'),(3539,85,926,'2025-07-23 06:24:09','Online'),(3540,86,927,'2025-07-22 18:47:37','Cash'),(3541,87,928,'2025-07-21 14:15:57','Credit Card'),(3542,88,929,'2025-07-20 03:38:45','Online'),(3543,89,930,'2025-07-19 19:11:31','Cash'),(3544,90,931,'2025-07-18 14:46:39','Credit Card'),(3545,91,932,'2025-07-17 07:09:25','Online'),(3546,92,933,'2025-07-16 22:34:10','Cash'),(3547,93,934,'2025-07-15 12:57:48','Credit Card'),(3548,94,935,'2025-07-14 00:20:34','Online'),(3549,95,936,'2025-07-13 11:23:29','Cash'),(3550,96,937,'2025-07-12 06:08:23','Credit Card'),(3551,97,938,'2025-07-11 18:31:51','Online'),(3552,98,939,'2025-07-10 14:06:37','Cash'),(3553,99,940,'2025-07-09 09:21:13','Credit Card'),(3554,100,941,'2025-07-08 20:44:01','Online'),(3555,101,942,'2025-07-07 07:09:38','Cash'),(3556,102,943,'2025-07-06 19:32:26','Credit Card'),(3557,103,944,'2025-07-05 05:57:45','Online'),(3558,104,945,'2025-07-04 17:50:42','Cash'),(3559,105,946,'2025-07-03 13:05:30','Credit Card'),(3560,106,947,'2025-07-02 04:22:23','Online'),(3561,107,948,'2025-07-01 16:11:48','Cash'),(3562,108,949,'2025-06-30 01:25:10','Credit Card'),(3563,109,950,'2025-06-29 13:48:37','Online'),(3564,110,951,'2025-06-28 08:38:36','Cash'),(3565,111,952,'2025-06-27 20:01:23','Credit Card'),(3566,112,953,'2025-06-26 06:24:09','Online'),(3567,113,954,'2025-06-25 18:47:37','Cash'),(3568,114,955,'2025-06-24 14:15:57','Credit Card'),(3569,115,956,'2025-06-23 03:38:45','Online'),(3570,116,957,'2025-06-22 19:11:31','Cash'),(3571,117,958,'2025-06-21 14:46:39','Credit Card'),(3572,118,959,'2025-06-20 07:09:25','Online'),(3573,119,960,'2025-06-19 22:34:10','Cash'),(3574,120,961,'2025-06-18 12:57:48','Credit Card'),(3575,121,962,'2025-06-17 00:20:34','Online'),(3576,122,963,'2025-06-16 11:23:29','Cash'),(3577,123,964,'2025-06-15 06:08:23','Credit Card'),(3578,124,965,'2025-06-14 18:31:51','Online'),(3579,125,904,'2025-06-13 14:06:37','Cash'),(3580,126,905,'2025-06-12 09:21:13','Credit Card'),(3581,127,906,'2025-06-11 20:44:01','Online'),(3582,128,907,'2025-06-10 07:09:38','Cash'),(3583,129,908,'2025-06-09 19:32:26','Credit Card'),(3584,130,909,'2025-06-08 05:57:45','Online'),(3585,131,910,'2025-06-07 17:50:42','Cash'),(3586,132,911,'2025-06-06 13:05:30','Credit Card'),(3587,133,912,'2025-06-05 04:22:23','Online'),(3588,134,913,'2025-06-04 16:11:48','Cash'),(3589,135,914,'2025-06-03 01:25:10','Credit Card'),(3590,136,915,'2025-06-02 13:48:37','Online'),(3591,137,916,'2025-06-01 08:38:36','Cash'),(3592,138,917,'2025-05-31 20:01:23','Credit Card'),(3593,139,918,'2025-05-30 06:24:09','Online'),(3594,140,919,'2025-05-29 18:47:37','Cash'),(3595,141,920,'2025-05-28 14:15:57','Credit Card'),(3596,142,921,'2025-05-27 03:38:45','Online'),(3597,143,922,'2025-05-26 19:11:31','Cash'),(3598,144,923,'2025-05-25 14:46:39','Credit Card'),(3599,145,924,'2025-05-24 07:09:25','Online'),(3600,146,925,'2025-05-23 22:34:10','Cash'),(3601,147,926,'2025-05-22 12:57:48','Credit Card'),(3602,1,927,'2025-05-21 00:20:34','Online'),(3603,2,928,'2025-05-20 11:23:29','Cash'),(3604,3,929,'2025-05-19 06:08:23','Credit Card'),(3605,4,930,'2025-05-18 18:31:51','Online'),(3606,5,931,'2025-05-17 14:06:37','Cash'),(3607,6,932,'2025-05-16 09:21:13','Credit Card'),(3608,7,933,'2025-05-15 20:44:01','Online'),(3609,8,934,'2025-05-14 07:09:38','Cash'),(3610,9,935,'2025-05-13 19:32:26','Credit Card'),(3611,10,936,'2025-05-12 05:57:45','Online'),(3612,11,937,'2025-05-11 17:50:42','Cash'),(3613,12,938,'2025-05-10 13:05:30','Credit Card'),(3614,13,939,'2025-05-09 04:22:23','Online'),(3615,14,940,'2025-05-08 16:11:48','Cash'),(3616,15,941,'2025-05-07 01:25:10','Credit Card'),(3617,16,942,'2025-05-06 13:48:37','Online'),(3618,17,943,'2025-05-05 08:38:36','Cash'),(3619,18,944,'2025-05-04 20:01:23','Credit Card'),(3620,19,945,'2025-05-03 06:24:09','Online'),(3621,20,946,'2025-05-02 18:47:37','Cash'),(3622,21,947,'2025-05-01 14:15:57','Credit Card'),(3623,22,948,'2025-04-30 03:38:45','Online'),(3624,23,949,'2025-04-29 19:11:31','Cash'),(3625,24,950,'2025-04-28 14:46:39','Credit Card'),(3626,25,951,'2025-04-27 07:09:25','Online'),(3627,26,952,'2025-04-26 22:34:10','Cash'),(3628,27,953,'2025-04-25 12:57:48','Credit Card'),(3629,28,954,'2025-04-24 00:20:34','Online'),(3630,29,955,'2025-04-23 11:23:29','Cash'),(3631,30,956,'2025-04-22 06:08:23','Credit Card'),(3632,31,957,'2025-04-21 18:31:51','Online'),(3633,32,958,'2025-04-20 14:06:37','Cash'),(3634,33,959,'2025-04-19 09:21:13','Credit Card'),(3635,34,960,'2025-04-18 20:44:01','Online'),(3636,35,961,'2025-04-17 07:09:38','Cash'),(3637,36,962,'2025-04-16 19:32:26','Credit Card'),(3638,37,963,'2025-04-15 05:57:45','Online'),(3639,38,964,'2025-04-14 17:50:42','Cash'),(3640,39,965,'2025-04-13 13:05:30','Credit Card'),(3641,40,904,'2025-04-12 04:22:23','Online'),(3642,41,905,'2025-04-11 16:11:48','Cash'),(3643,42,906,'2025-04-10 01:25:10','Credit Card'),(3644,43,907,'2025-04-09 13:48:37','Online'),(3645,44,908,'2025-04-08 08:38:36','Cash'),(3646,45,909,'2025-04-07 20:01:23','Credit Card'),(3647,46,910,'2025-04-06 06:24:09','Online'),(3648,47,911,'2025-04-05 18:47:37','Cash'),(3649,48,912,'2025-04-04 14:15:57','Credit Card'),(3650,49,913,'2025-04-03 03:38:45','Online'),(3651,50,914,'2025-04-02 19:11:31','Cash'),(3652,51,915,'2025-04-01 14:46:39','Credit Card'),(3653,52,916,'2025-03-31 07:09:25','Online'),(3654,53,917,'2025-03-30 22:34:10','Cash'),(3655,54,918,'2025-03-29 12:57:48','Credit Card'),(3656,55,919,'2025-03-28 00:20:34','Online'),(3657,56,920,'2025-03-27 11:23:29','Cash'),(3658,57,921,'2025-03-26 06:08:23','Credit Card'),(3659,58,922,'2025-03-25 18:31:51','Online'),(3660,59,923,'2025-03-24 14:06:37','Cash'),(3661,60,924,'2025-03-23 09:21:13','Credit Card'),(3662,61,925,'2025-03-22 20:44:01','Online'),(3663,62,926,'2025-03-21 07:09:38','Cash'),(3664,63,927,'2025-03-20 19:32:26','Credit Card'),(3665,64,928,'2025-03-19 05:57:45','Online'),(3666,65,929,'2025-03-18 17:50:42','Cash'),(3667,66,930,'2025-03-17 13:05:30','Credit Card'),(3668,67,931,'2025-03-16 04:22:23','Online'),(3669,68,932,'2025-03-15 16:11:48','Cash'),(3670,69,933,'2025-03-14 01:25:10','Credit Card'),(3671,70,934,'2025-03-13 13:48:37','Online'),(3672,71,935,'2025-03-12 08:38:36','Cash'),(3673,72,936,'2025-03-11 20:01:23','Credit Card'),(3674,73,937,'2025-03-10 06:24:09','Online'),(3675,74,938,'2025-03-09 18:47:37','Cash'),(3676,75,939,'2025-03-08 14:15:57','Credit Card'),(3677,76,940,'2025-03-07 03:38:45','Online'),(3678,77,941,'2025-03-06 19:11:31','Cash'),(3679,78,942,'2025-03-05 14:46:39','Credit Card'),(3680,79,943,'2025-03-04 07:09:25','Online'),(3681,80,944,'2025-03-03 22:34:10','Cash'),(3682,81,945,'2025-03-02 12:57:48','Credit Card'),(3683,82,946,'2025-03-01 00:20:34','Online'),(3684,83,947,'2025-02-28 11:23:29','Cash'),(3685,84,948,'2025-02-27 06:08:23','Credit Card'),(3686,85,949,'2025-02-26 18:31:51','Online'),(3687,86,950,'2025-02-25 14:06:37','Cash'),(3688,87,951,'2025-02-24 09:21:13','Credit Card'),(3689,88,952,'2025-02-23 20:44:01','Online'),(3690,89,953,'2025-02-22 07:09:38','Cash'),(3691,90,954,'2025-02-21 19:32:26','Credit Card'),(3692,91,955,'2025-02-20 05:57:45','Online'),(3693,92,956,'2025-02-19 17:50:42','Cash'),(3694,93,957,'2025-02-18 13:05:30','Credit Card'),(3695,94,958,'2025-02-17 04:22:23','Online'),(3696,95,959,'2025-02-16 16:11:48','Cash'),(3697,96,960,'2025-02-15 01:25:10','Credit Card'),(3698,97,961,'2025-02-14 13:48:37','Online'),(3699,98,962,'2025-02-13 08:38:36','Cash'),(3700,99,963,'2025-02-12 20:01:23','Credit Card'),(3701,100,964,'2025-02-11 06:24:09','Online'),(3702,101,965,'2025-02-10 18:47:37','Cash'),(3703,102,904,'2025-02-09 14:15:57','Credit Card'),(3704,103,905,'2025-02-08 03:38:45','Online'),(3705,104,906,'2025-02-07 19:11:31','Cash'),(3706,105,907,'2025-02-06 14:46:39','Credit Card'),(3707,106,908,'2025-02-05 07:09:25','Online'),(3708,107,909,'2025-02-04 22:34:10','Cash'),(3709,108,910,'2025-02-03 12:57:48','Credit Card'),(3710,109,911,'2025-02-02 00:20:34','Online'),(3711,110,912,'2025-02-01 11:23:29','Cash'),(3712,111,913,'2025-01-31 06:08:23','Credit Card'),(3713,112,914,'2025-01-30 18:31:51','Online'),(3714,113,915,'2025-01-29 14:06:37','Cash'),(3715,114,916,'2025-01-28 09:21:13','Credit Card'),(3716,115,917,'2025-01-27 20:44:01','Online'),(3717,116,918,'2025-01-26 07:09:38','Cash'),(3718,117,919,'2025-01-25 19:32:26','Credit Card'),(3719,118,920,'2025-01-24 05:57:45','Online'),(3720,119,921,'2025-01-23 17:50:42','Cash'),(3721,120,922,'2025-01-22 13:05:30','Credit Card'),(3722,121,923,'2025-01-21 04:22:23','Online'),(3723,122,924,'2025-01-20 16:11:48','Cash'),(3724,123,925,'2025-01-19 01:25:10','Credit Card'),(3725,124,926,'2025-01-18 13:48:37','Online'),(3726,125,927,'2025-01-17 08:38:36','Cash'),(3727,126,928,'2025-01-16 20:01:23','Credit Card'),(3728,127,929,'2025-01-15 06:24:09','Online'),(3729,128,930,'2025-01-14 18:47:37','Cash'),(3730,129,931,'2025-01-13 14:15:57','Credit Card'),(3731,130,932,'2025-01-12 03:38:45','Online'),(3732,131,933,'2025-01-11 19:11:31','Cash'),(3733,132,934,'2025-01-10 14:46:39','Credit Card'),(3734,133,935,'2025-01-09 07:09:25','Online'),(3735,134,936,'2025-01-08 22:34:10','Cash'),(3736,135,937,'2025-01-07 12:57:48','Credit Card'),(3737,136,938,'2025-01-06 00:20:34','Online'),(3738,137,939,'2025-01-05 11:23:29','Cash'),(3739,138,940,'2025-01-04 06:08:23','Credit Card'),(3740,139,941,'2025-01-03 18:31:51','Online'),(3741,140,942,'2025-01-02 14:06:37','Cash'),(3742,141,943,'2025-01-01 09:21:13','Credit Card'),(3743,142,944,'2024-12-31 20:44:01','Online'),(3744,143,945,'2024-12-30 07:09:38','Cash'),(3745,144,946,'2024-12-29 19:32:26','Credit Card'),(3746,145,947,'2024-12-28 05:57:45','Online'),(3747,146,948,'2024-12-27 17:50:42','Cash'),(3748,147,949,'2024-12-26 13:05:30','Credit Card'),(3749,1,950,'2024-12-25 04:22:23','Online'),(3750,2,951,'2024-12-24 16:11:48','Cash'),(3751,3,952,'2024-12-23 01:25:10','Credit Card'),(3752,4,953,'2024-12-22 13:48:37','Online'),(3753,5,954,'2024-12-21 08:38:36','Cash'),(3754,6,955,'2024-12-20 20:01:23','Credit Card'),(3755,7,956,'2024-12-19 06:24:09','Online'),(3756,8,957,'2024-12-18 18:47:37','Cash'),(3757,9,958,'2024-12-17 14:15:57','Credit Card'),(3758,10,959,'2024-12-16 03:38:45','Online'),(3759,11,960,'2024-12-15 19:11:31','Cash'),(3760,12,961,'2024-12-14 14:46:39','Credit Card'),(3761,13,962,'2024-12-13 07:09:25','Online'),(3762,14,963,'2024-12-12 22:34:10','Cash'),(3763,15,964,'2024-12-11 12:57:48','Credit Card'),(3764,16,965,'2024-12-10 00:20:34','Online'),(3765,17,904,'2024-12-09 11:23:29','Cash'),(3766,18,905,'2024-12-08 06:08:23','Credit Card'),(3767,19,906,'2024-12-07 18:31:51','Online'),(3768,20,907,'2024-12-06 14:06:37','Cash'),(3769,21,908,'2024-12-05 09:21:13','Credit Card'),(3770,22,909,'2024-12-04 20:44:01','Online'),(3771,23,910,'2024-12-03 07:09:38','Cash'),(3772,24,911,'2024-12-02 19:32:26','Credit Card'),(3773,25,912,'2024-12-01 05:57:45','Online'),(3774,26,913,'2024-11-30 17:50:42','Cash'),(3775,27,914,'2024-11-29 13:05:30','Credit Card'),(3776,28,915,'2024-11-28 04:22:23','Online'),(3777,29,916,'2024-11-27 16:11:48','Cash'),(3778,30,917,'2024-11-26 01:25:10','Credit Card'),(3779,31,918,'2024-11-25 13:48:37','Online'),(3780,32,919,'2024-11-24 08:38:36','Cash'),(3781,33,920,'2024-11-23 20:01:23','Credit Card'),(3782,34,921,'2024-11-22 06:24:09','Online'),(3783,35,922,'2024-11-21 18:47:37','Cash'),(3784,36,923,'2024-11-20 14:15:57','Credit Card'),(3785,37,924,'2024-11-19 03:38:45','Online'),(3786,38,925,'2024-11-18 19:11:31','Cash'),(3787,39,926,'2024-11-17 14:46:39','Credit Card'),(3788,40,927,'2024-11-16 07:09:25','Online'),(3789,41,928,'2024-11-15 22:34:10','Cash'),(3790,42,929,'2024-11-14 12:57:48','Credit Card'),(3791,43,930,'2024-11-13 00:20:34','Online'),(3792,44,931,'2024-11-12 11:23:29','Cash'),(3793,45,932,'2024-11-11 06:08:23','Credit Card'),(3794,46,933,'2024-11-10 18:31:51','Online'),(3795,47,934,'2024-11-09 14:06:37','Cash'),(3796,48,935,'2024-11-08 09:21:13','Credit Card'),(3797,49,936,'2024-11-07 20:44:01','Online'),(3798,50,937,'2024-11-06 07:09:38','Cash'),(3799,51,938,'2024-11-05 19:32:26','Credit Card'),(3800,52,939,'2024-11-04 05:57:45','Online'),(3801,53,940,'2024-11-03 17:50:42','Cash'),(3802,54,941,'2024-11-02 13:05:30','Credit Card'),(3803,55,942,'2024-11-01 04:22:23','Online'),(3804,56,943,'2024-10-31 16:11:48','Cash'),(3805,57,944,'2024-10-30 01:25:10','Credit Card'),(3806,58,945,'2024-10-29 13:48:37','Online'),(3807,59,946,'2024-10-28 08:38:36','Cash'),(3808,60,947,'2024-10-27 20:01:23','Credit Card'),(3809,61,948,'2024-10-26 06:24:09','Online'),(3810,62,949,'2024-10-25 18:47:37','Cash'),(3811,63,950,'2024-10-24 14:15:57','Credit Card'),(3812,64,951,'2024-10-23 03:38:45','Online'),(3813,65,952,'2024-10-22 19:11:31','Cash'),(3814,66,953,'2024-10-21 14:46:39','Credit Card'),(3815,67,954,'2024-10-20 07:09:25','Online'),(3816,68,955,'2024-10-19 22:34:10','Cash'),(3817,69,956,'2024-10-18 12:57:48','Credit Card'),(3818,70,957,'2024-10-17 00:20:34','Online'),(3819,71,958,'2024-10-16 11:23:29','Cash'),(3820,72,959,'2024-10-15 06:08:23','Credit Card'),(3821,73,960,'2024-10-14 18:31:51','Online'),(3822,74,961,'2024-10-13 14:06:37','Cash'),(3823,75,962,'2024-10-12 09:21:13','Credit Card'),(3824,76,963,'2024-10-11 20:44:01','Online'),(3825,77,964,'2024-10-10 07:09:38','Cash'),(3826,78,965,'2024-10-09 19:32:26','Credit Card'),(3827,79,904,'2024-10-08 05:57:45','Online'),(3828,80,905,'2024-10-07 17:50:42','Cash'),(3829,81,906,'2024-10-06 13:05:30','Credit Card'),(3830,82,907,'2024-10-05 04:22:23','Online'),(3831,83,908,'2024-10-04 16:11:48','Cash'),(3832,84,909,'2024-10-03 01:25:10','Credit Card'),(3833,85,910,'2024-10-02 13:48:37','Online'),(3834,86,911,'2024-10-01 08:38:36','Cash'),(3835,87,912,'2024-09-30 20:01:23','Credit Card'),(3836,88,913,'2024-09-29 06:24:09','Online'),(3837,89,914,'2024-09-28 18:47:37','Cash'),(3838,90,915,'2024-09-27 14:15:57','Credit Card'),(3839,91,916,'2024-09-26 03:38:45','Online'),(3840,92,917,'2024-09-25 19:11:31','Cash'),(3841,93,918,'2024-09-24 14:46:39','Credit Card'),(3842,94,919,'2024-09-23 07:09:25','Online'),(3843,95,920,'2024-09-22 22:34:10','Cash'),(3844,96,921,'2024-09-21 12:57:48','Credit Card'),(3845,97,922,'2024-09-20 00:20:34','Online'),(3846,98,923,'2024-09-19 11:23:29','Cash'),(3847,99,924,'2024-09-18 06:08:23','Credit Card'),(3848,100,925,'2024-09-17 18:31:51','Online'),(3849,101,926,'2024-09-16 14:06:37','Cash'),(3850,102,927,'2024-09-15 09:21:13','Credit Card'),(3851,103,928,'2024-09-14 20:44:01','Online'),(3852,104,929,'2024-09-13 07:09:38','Cash'),(3853,105,930,'2024-09-12 19:32:26','Credit Card'),(3854,106,931,'2024-09-11 05:57:45','Online'),(3855,107,932,'2024-09-10 17:50:42','Cash'),(3856,108,933,'2024-09-09 13:05:30','Credit Card'),(3857,109,934,'2024-09-08 04:22:23','Online'),(3858,110,935,'2024-09-07 16:11:48','Cash'),(3859,111,936,'2024-09-06 01:25:10','Credit Card'),(3860,112,937,'2024-09-05 13:48:37','Online'),(3861,113,938,'2024-09-04 08:38:36','Cash'),(3862,114,939,'2024-09-03 20:01:23','Credit Card'),(3863,115,940,'2024-09-02 06:24:09','Online'),(3864,116,941,'2024-09-01 18:47:37','Cash'),(3865,117,942,'2024-08-31 14:15:57','Credit Card'),(3866,118,943,'2024-08-30 03:38:45','Online'),(3867,119,944,'2024-08-29 19:11:31','Cash'),(3868,120,945,'2024-08-28 14:46:39','Credit Card'),(3869,121,946,'2024-08-27 07:09:25','Online'),(3870,122,947,'2024-08-26 22:34:10','Cash'),(3871,123,948,'2024-08-25 12:57:48','Credit Card'),(3872,124,949,'2024-08-24 00:20:34','Online'),(3873,125,950,'2024-08-23 11:23:29','Cash'),(3874,126,951,'2024-08-22 06:08:23','Credit Card'),(3875,127,952,'2024-08-21 18:31:51','Online'),(3876,128,953,'2024-08-20 14:06:37','Cash'),(3877,129,954,'2024-08-19 09:21:13','Credit Card'),(3878,130,955,'2024-08-18 20:44:01','Online'),(3879,131,956,'2024-08-17 07:09:38','Cash'),(3880,132,957,'2024-08-16 19:32:26','Credit Card'),(3881,133,958,'2024-08-15 05:57:45','Online'),(3882,134,959,'2024-08-14 17:50:42','Cash'),(3883,135,960,'2024-08-13 13:05:30','Credit Card'),(3884,136,961,'2024-08-12 04:22:23','Online'),(3885,137,962,'2024-08-11 16:11:48','Cash'),(3886,138,963,'2024-08-10 01:25:10','Credit Card'),(3887,139,964,'2024-08-09 13:48:37','Online'),(3888,140,965,'2024-08-08 08:38:36','Cash'),(3889,141,904,'2024-08-07 20:01:23','Credit Card'),(3890,142,905,'2024-08-06 06:24:09','Online'),(3891,143,906,'2024-08-05 18:47:37','Cash'),(3892,144,907,'2024-08-04 14:15:57','Credit Card'),(3893,145,908,'2024-08-03 03:38:45','Online'),(3894,146,909,'2024-08-02 19:11:31','Cash'),(3895,147,910,'2024-08-01 14:46:39','Credit Card'),(3896,1,911,'2024-07-31 07:09:25','Online'),(3897,2,912,'2024-07-30 22:34:10','Cash'),(3898,3,913,'2024-07-29 12:57:48','Credit Card'),(3899,4,914,'2024-07-28 00:20:34','Online'),(3900,5,915,'2024-07-27 11:23:29','Cash'),(3901,6,916,'2024-07-26 06:08:23','Credit Card'),(3902,7,917,'2024-07-25 18:31:51','Online'),(3903,8,918,'2024-07-24 14:06:37','Cash'),(3904,9,919,'2024-07-23 09:21:13','Credit Card'),(3905,10,920,'2024-07-22 20:44:01','Online'),(3906,11,921,'2024-07-21 07:09:38','Cash'),(3907,12,922,'2024-07-20 19:32:26','Credit Card'),(3908,13,923,'2024-07-19 05:57:45','Online'),(3909,14,924,'2024-07-18 17:50:42','Cash'),(3910,15,925,'2024-07-17 13:05:30','Credit Card'),(3911,16,926,'2024-07-16 04:22:23','Online'),(3912,17,927,'2024-07-15 16:11:48','Cash'),(3913,18,928,'2024-07-14 01:25:10','Credit Card'),(3914,19,929,'2024-07-13 13:48:37','Online'),(3915,20,930,'2024-07-12 08:38:36','Cash'),(3916,21,931,'2024-07-11 20:01:23','Credit Card'),(3917,22,932,'2024-07-10 06:24:09','Online'),(3918,23,933,'2024-07-09 18:47:37','Cash'),(3919,24,934,'2024-07-08 14:15:57','Credit Card'),(3920,25,935,'2024-07-07 03:38:45','Online'),(3921,26,936,'2024-07-06 19:11:31','Cash'),(3922,27,937,'2024-07-05 14:46:39','Credit Card'),(3923,28,938,'2024-07-04 07:09:25','Online'),(3924,29,939,'2024-07-03 22:34:10','Cash'),(3925,30,940,'2024-07-02 12:57:48','Credit Card'),(3926,31,941,'2024-07-01 00:20:34','Online'),(3927,32,942,'2024-06-30 11:23:29','Cash'),(3928,33,943,'2024-06-29 06:08:23','Credit Card'),(3929,34,944,'2024-06-28 18:31:51','Online'),(3930,35,945,'2024-06-27 14:06:37','Cash'),(3931,36,946,'2024-06-26 09:21:13','Credit Card'),(3932,37,947,'2024-06-25 20:44:01','Online'),(3933,38,948,'2024-06-24 07:09:38','Cash'),(3934,39,949,'2024-06-23 19:32:26','Credit Card'),(3935,40,950,'2024-06-22 05:57:45','Online'),(3936,41,951,'2024-06-21 17:50:42','Cash'),(3937,42,952,'2024-06-20 13:05:30','Credit Card'),(3938,43,953,'2024-06-19 04:22:23','Online'),(3939,44,954,'2024-06-18 16:11:48','Cash'),(3940,45,955,'2024-06-17 01:25:10','Credit Card'),(3941,46,956,'2024-06-16 13:48:37','Online'),(3942,47,957,'2024-06-15 08:38:36','Cash'),(3943,48,958,'2024-06-14 20:01:23','Credit Card'),(3944,49,959,'2024-06-13 06:24:09','Online'),(3945,50,960,'2024-06-12 18:47:37','Cash'),(3946,51,961,'2024-06-11 14:15:57','Credit Card'),(3947,52,962,'2024-06-10 03:38:45','Online'),(3948,53,963,'2024-06-09 19:11:31','Cash'),(3949,54,964,'2024-06-08 14:46:39','Credit Card'),(3950,55,965,'2024-06-07 07:09:25','Online'),(3951,56,904,'2024-06-06 22:34:10','Cash'),(3952,57,905,'2024-06-05 12:57:48','Credit Card'),(3953,58,906,'2024-06-04 00:20:34','Online'),(3954,59,907,'2024-06-03 11:23:29','Cash'),(3955,60,908,'2024-06-02 06:08:23','Credit Card'),(3956,61,909,'2024-06-01 18:31:51','Online'),(3957,62,910,'2024-05-31 14:06:37','Cash'),(3958,63,911,'2024-05-30 09:21:13','Credit Card'),(3959,64,912,'2024-05-29 20:44:01','Online'),(3960,65,913,'2024-05-28 07:09:38','Cash'),(3961,66,914,'2024-05-27 19:32:26','Credit Card'),(3962,67,915,'2024-05-26 05:57:45','Online'),(3963,68,916,'2024-05-25 17:50:42','Cash'),(3964,69,917,'2024-05-24 13:05:30','Credit Card'),(3965,70,918,'2024-05-23 04:22:23','Online'),(3966,71,919,'2024-05-22 16:11:48','Cash'),(3967,72,920,'2024-05-21 01:25:10','Credit Card'),(3968,73,921,'2024-05-20 13:48:37','Online'),(3969,74,922,'2024-05-19 08:38:36','Cash'),(3970,75,923,'2024-05-18 20:01:23','Credit Card'),(3971,76,924,'2024-05-17 06:24:09','Online'),(3972,77,925,'2024-05-16 18:47:37','Cash'),(3973,78,926,'2024-05-15 14:15:57','Credit Card'),(3974,79,927,'2024-05-14 03:38:45','Online'),(3975,80,928,'2024-05-13 19:11:31','Cash'),(3976,81,929,'2024-05-12 14:46:39','Credit Card'),(3977,82,930,'2024-05-11 07:09:25','Online'),(3978,83,931,'2024-05-10 22:34:10','Cash'),(3979,84,932,'2024-05-09 12:57:48','Credit Card'),(3980,85,933,'2024-05-08 00:20:34','Online'),(3981,86,934,'2024-05-07 11:23:29','Cash'),(3982,87,935,'2024-05-06 06:08:23','Credit Card'),(3983,88,936,'2024-05-05 18:31:51','Online'),(3984,89,937,'2024-05-04 14:06:37','Cash'),(3985,90,938,'2024-05-03 09:21:13','Credit Card'),(3986,91,939,'2024-05-02 20:44:01','Online'),(3987,92,940,'2024-05-01 07:09:38','Cash'),(3988,93,941,'2024-04-30 19:32:26','Credit Card'),(3989,94,942,'2024-04-29 05:57:45','Online'),(3990,95,943,'2024-04-28 17:50:42','Cash'),(3991,96,944,'2024-04-27 13:05:30','Credit Card'),(3992,97,945,'2024-04-26 04:22:23','Online'),(3993,98,946,'2024-04-25 16:11:48','Cash'),(3994,99,947,'2024-04-24 01:25:10','Credit Card'),(3995,100,948,'2024-04-23 13:48:37','Online'),(3996,101,949,'2024-04-22 08:38:36','Cash'),(3997,102,950,'2024-04-21 20:01:23','Credit Card'),(3998,103,951,'2024-04-20 06:24:09','Online'),(3999,104,952,'2024-04-19 18:47:37','Cash'),(4000,105,953,'2024-04-18 14:15:57','Credit Card'),(4001,106,954,'2024-04-17 03:38:45','Online'),(4002,107,955,'2024-04-16 19:11:31','Cash'),(4003,108,956,'2024-04-15 14:46:39','Credit Card'),(4004,109,957,'2024-04-14 07:09:25','Online'),(4005,110,958,'2024-04-13 22:34:10','Cash'),(4006,111,959,'2024-04-12 12:57:48','Credit Card'),(4007,112,960,'2024-04-11 00:20:34','Online'),(4008,113,961,'2024-04-10 11:23:29','Cash'),(4009,114,962,'2024-04-09 06:08:23','Credit Card'),(4010,115,963,'2024-04-08 18:31:51','Online'),(4011,116,964,'2024-04-07 14:06:37','Cash'),(4012,117,965,'2024-04-06 09:21:13','Credit Card'),(4013,118,904,'2024-04-05 20:44:01','Online'),(4014,119,905,'2024-04-04 07:09:38','Cash'),(4015,120,906,'2024-04-03 19:32:26','Credit Card'),(4016,121,907,'2024-04-02 05:57:45','Online'),(4017,122,908,'2024-04-01 17:50:42','Cash'),(4018,123,909,'2024-03-31 13:05:30','Credit Card'),(4019,124,910,'2024-03-30 04:22:23','Online'),(4020,125,911,'2024-03-29 16:11:48','Cash'),(4021,126,912,'2024-03-28 01:25:10','Credit Card'),(4022,127,913,'2024-03-27 13:48:37','Online'),(4023,128,914,'2024-03-26 08:38:36','Cash'),(4024,129,915,'2024-03-25 20:01:23','Credit Card'),(4025,130,916,'2024-03-24 06:24:09','Online'),(4026,131,917,'2024-03-23 18:47:37','Cash'),(4027,132,918,'2024-03-22 14:15:57','Credit Card'),(4028,133,919,'2024-03-21 03:38:45','Online'),(4029,134,920,'2024-03-20 19:11:31','Cash'),(4030,135,921,'2024-03-19 14:46:39','Credit Card'),(4031,136,922,'2024-03-18 07:09:25','Online'),(4032,137,923,'2024-03-17 22:34:10','Cash'),(4033,138,924,'2024-03-16 12:57:48','Credit Card'),(4034,139,925,'2024-03-15 00:20:34','Online'),(4035,140,926,'2024-03-14 11:23:29','Cash'),(4036,141,927,'2024-03-13 06:08:23','Credit Card'),(4037,142,928,'2024-03-12 18:31:51','Online'),(4038,143,929,'2024-03-11 14:06:37','Cash'),(4039,144,930,'2024-03-10 09:21:13','Credit Card'),(4040,145,931,'2024-03-09 20:44:01','Online'),(4041,146,932,'2024-03-08 07:09:38','Cash'),(4042,147,933,'2024-03-07 19:32:26','Credit Card'),(4043,1,934,'2024-03-06 05:57:45','Online'),(4044,2,935,'2024-03-05 17:50:42','Cash'),(4045,3,936,'2024-03-04 13:05:30','Credit Card'),(4046,4,937,'2024-03-03 04:22:23','Online'),(4047,5,938,'2024-03-02 16:11:48','Cash'),(4048,6,939,'2024-03-01 01:25:10','Credit Card'),(4049,7,940,'2024-02-29 13:48:37','Online'),(4050,8,941,'2024-02-28 08:38:36','Cash'),(4051,9,942,'2024-02-27 20:01:23','Credit Card'),(4052,10,943,'2024-02-26 06:24:09','Online'),(4053,11,944,'2024-02-25 18:47:37','Cash'),(4054,12,945,'2024-02-24 14:15:57','Credit Card'),(4055,13,946,'2024-02-23 03:38:45','Online'),(4056,14,947,'2024-02-22 19:11:31','Cash'),(4057,15,948,'2024-02-21 14:46:39','Credit Card'),(4058,16,949,'2024-02-20 07:09:25','Online'),(4059,17,950,'2024-02-19 22:34:10','Cash'),(4060,18,951,'2024-02-18 12:57:48','Credit Card'),(4061,19,952,'2024-02-17 00:20:34','Online'),(4062,20,953,'2024-02-16 11:23:29','Cash'),(4063,21,954,'2024-02-15 06:08:23','Credit Card'),(4064,22,955,'2024-02-14 18:31:51','Online'),(4065,23,956,'2024-02-13 14:06:37','Cash'),(4066,24,957,'2024-02-12 09:21:13','Credit Card'),(4067,25,958,'2024-02-11 20:44:01','Online'),(4068,26,959,'2024-02-10 07:09:38','Cash'),(4069,27,960,'2024-02-09 19:32:26','Credit Card'),(4070,28,961,'2024-02-08 05:57:45','Online'),(4071,29,962,'2024-02-07 17:50:42','Cash'),(4072,30,963,'2024-02-06 13:05:30','Credit Card'),(4073,31,964,'2024-02-05 04:22:23','Online'),(4074,32,965,'2024-02-04 16:11:48','Cash'),(4075,33,904,'2024-02-03 01:25:10','Credit Card'),(4076,34,905,'2024-02-02 13:48:37','Online'),(4077,35,906,'2024-02-01 08:38:36','Cash'),(4078,36,907,'2024-01-31 20:01:23','Credit Card'),(4079,37,908,'2024-01-30 06:24:09','Online'),(4080,38,909,'2024-01-29 18:47:37','Cash'),(4081,39,910,'2024-01-28 14:15:57','Credit Card'),(4082,40,911,'2024-01-27 03:38:45','Online'),(4083,41,912,'2024-01-26 19:11:31','Cash'),(4084,42,913,'2024-01-25 14:46:39','Credit Card'),(4085,43,914,'2024-01-24 07:09:25','Online'),(4086,44,915,'2024-01-23 22:34:10','Cash'),(4087,45,916,'2024-01-22 12:57:48','Credit Card'),(4088,46,917,'2024-01-21 00:20:34','Online'),(4089,47,918,'2024-01-20 11:23:29','Cash'),(4090,48,919,'2024-01-19 06:08:23','Credit Card'),(4091,49,920,'2024-01-18 18:31:51','Online'),(4092,50,921,'2024-01-17 14:06:37','Cash'),(4093,51,922,'2024-01-16 09:21:13','Credit Card'),(4094,52,923,'2024-01-15 20:44:01','Online'),(4095,53,924,'2024-01-14 07:09:38','Cash'),(4096,54,925,'2024-01-13 19:32:26','Credit Card'),(4097,55,926,'2024-01-12 05:57:45','Online'),(4098,56,927,'2024-01-11 17:50:42','Cash'),(4099,57,928,'2024-01-10 13:05:30','Credit Card'),(4100,58,929,'2024-01-09 04:22:23','Online'),(4101,59,930,'2024-01-08 16:11:48','Cash'),(4102,60,931,'2024-01-07 01:25:10','Credit Card'),(4103,61,932,'2024-01-06 13:48:37','Online'),(4104,62,933,'2024-01-05 08:38:36','Cash'),(4105,63,934,'2024-01-04 20:01:23','Credit Card'),(4106,64,935,'2024-01-03 06:24:09','Online'),(4107,65,936,'2024-01-02 18:47:37','Cash'),(4108,66,937,'2024-01-01 14:15:57','Credit Card'),(4109,67,938,'2023-12-31 03:38:45','Online'),(4110,68,939,'2023-12-30 19:11:31','Cash'),(4111,69,940,'2023-12-29 14:46:39','Credit Card'),(4112,70,941,'2023-12-28 07:09:25','Online'),(4113,71,942,'2023-12-27 22:34:10','Cash'),(4114,72,943,'2023-12-26 12:57:48','Credit Card'),(4115,73,944,'2023-12-25 00:20:34','Online'),(4116,74,945,'2023-12-24 11:23:29','Cash'),(4117,75,946,'2023-12-23 06:08:23','Credit Card'),(4118,76,947,'2023-12-22 18:31:51','Online'),(4119,77,948,'2023-12-21 14:06:37','Cash'),(4120,78,949,'2023-12-20 09:21:13','Credit Card'),(4121,79,950,'2023-12-19 20:44:01','Online'),(4122,80,951,'2023-12-18 07:09:38','Cash'),(4123,81,952,'2023-12-17 19:32:26','Credit Card'),(4124,82,953,'2023-12-16 05:57:45','Online'),(4125,83,954,'2023-12-15 17:50:42','Cash'),(4126,84,955,'2023-12-14 13:05:30','Credit Card'),(4127,85,956,'2023-12-13 04:22:23','Online'),(4128,86,957,'2023-12-12 16:11:48','Cash'),(4129,87,958,'2023-12-11 01:25:10','Credit Card'),(4130,88,959,'2023-12-10 13:48:37','Online'),(4131,89,960,'2023-12-09 08:38:36','Cash'),(4132,90,961,'2023-12-08 20:01:23','Credit Card'),(4133,91,962,'2023-12-07 06:24:09','Online'),(4134,92,963,'2023-12-06 18:47:37','Cash'),(4135,93,964,'2023-12-05 14:15:57','Credit Card'),(4136,94,965,'2023-12-04 03:38:45','Online'),(4137,95,904,'2023-12-03 19:11:31','Cash'),(4138,96,905,'2023-12-02 14:46:39','Credit Card'),(4139,97,906,'2023-12-01 07:09:25','Online'),(4140,98,907,'2023-11-30 22:34:10','Cash'),(4141,99,908,'2023-11-29 12:57:48','Credit Card'),(4142,100,909,'2023-11-28 00:20:34','Online'),(4143,101,910,'2023-11-27 11:23:29','Cash'),(4144,102,911,'2023-11-26 06:08:23','Credit Card'),(4145,103,912,'2023-11-25 18:31:51','Online'),(4146,104,913,'2023-11-24 14:06:37','Cash'),(4147,105,914,'2023-11-23 09:21:13','Credit Card'),(4148,106,915,'2023-11-22 20:44:01','Online'),(4149,107,916,'2023-11-21 07:09:38','Cash'),(4150,108,917,'2023-11-20 19:32:26','Credit Card'),(4151,109,918,'2023-11-19 05:57:45','Online'),(4152,110,919,'2023-11-18 17:50:42','Cash'),(4153,111,920,'2023-11-17 13:05:30','Credit Card'),(4154,112,921,'2023-11-16 04:22:23','Online'),(4155,113,922,'2023-11-15 16:11:48','Cash'),(4156,114,923,'2023-11-14 01:25:10','Credit Card'),(4157,115,924,'2023-11-13 13:48:37','Online'),(4158,116,925,'2023-11-12 08:38:36','Cash'),(4159,117,926,'2023-11-11 20:01:23','Credit Card'),(4160,118,927,'2023-11-10 06:24:09','Online'),(4161,119,928,'2023-11-09 18:47:37','Cash'),(4162,120,929,'2023-11-08 14:15:57','Credit Card'),(4163,121,930,'2023-11-07 03:38:45','Online'),(4164,122,931,'2023-11-06 19:11:31','Cash'),(4165,123,932,'2023-11-05 14:46:39','Credit Card'),(4166,124,933,'2023-11-04 07:09:25','Online'),(4167,125,934,'2023-11-03 22:34:10','Cash'),(4168,126,935,'2023-11-02 12:57:48','Credit Card'),(4169,127,936,'2023-11-01 00:20:34','Online'),(4170,128,937,'2023-10-31 11:23:29','Cash'),(4171,129,938,'2023-10-30 06:08:23','Credit Card'),(4172,130,939,'2023-10-29 18:31:51','Online'),(4173,131,940,'2023-10-28 14:06:37','Cash'),(4174,132,941,'2023-10-27 09:21:13','Credit Card'),(4175,133,942,'2023-10-26 20:44:01','Online'),(4176,134,943,'2023-10-25 07:09:38','Cash'),(4177,135,944,'2023-10-24 19:32:26','Credit Card'),(4178,136,945,'2023-10-23 05:57:45','Online'),(4179,137,946,'2023-10-22 17:50:42','Cash'),(4180,138,947,'2023-10-21 13:05:30','Credit Card'),(4181,139,948,'2023-10-20 04:22:23','Online'),(4182,140,949,'2023-10-19 16:11:48','Cash'),(4183,141,950,'2023-10-18 01:25:10','Credit Card'),(4184,142,951,'2023-10-17 13:48:37','Online'),(4185,143,952,'2023-10-16 08:38:36','Cash'),(4186,144,953,'2023-10-15 20:01:23','Credit Card'),(4187,145,954,'2023-10-14 06:24:09','Online'),(4188,146,955,'2023-10-13 18:47:37','Cash'),(4189,147,956,'2023-10-12 14:15:57','Credit Card'),(4190,1,957,'2023-10-11 03:38:45','Online'),(4191,2,958,'2023-10-10 19:11:31','Cash'),(4192,3,959,'2023-10-09 14:46:39','Credit Card'),(4193,4,960,'2023-10-08 07:09:25','Online'),(4194,5,961,'2023-10-07 22:34:10','Cash'),(4195,6,962,'2023-10-06 12:57:48','Credit Card'),(4196,7,963,'2023-10-05 00:20:34','Online'),(4197,8,964,'2023-10-04 11:23:29','Cash'),(4198,9,965,'2023-10-03 06:08:23','Credit Card'),(4199,10,904,'2023-10-02 18:31:51','Online'),(4200,11,905,'2023-10-01 14:06:37','Cash'),(4201,12,906,'2023-09-30 09:21:13','Credit Card'),(4202,13,907,'2023-09-29 20:44:01','Online'),(4203,14,908,'2023-09-28 07:09:38','Cash'),(4204,15,909,'2023-09-27 19:32:26','Credit Card'),(4205,16,910,'2023-09-26 05:57:45','Online'),(4206,17,911,'2023-09-25 17:50:42','Cash'),(4207,18,912,'2023-09-24 13:05:30','Credit Card'),(4208,19,913,'2023-09-23 04:22:23','Online'),(4209,20,914,'2023-09-22 16:11:48','Cash'),(4210,21,915,'2023-09-21 01:25:10','Credit Card'),(4211,22,916,'2023-09-20 13:48:37','Online'),(4212,23,917,'2023-09-19 08:38:36','Cash'),(4213,24,918,'2023-09-18 20:01:23','Credit Card'),(4214,25,919,'2023-09-17 06:24:09','Online'),(4215,26,920,'2023-09-16 18:47:37','Cash'),(4216,27,921,'2023-09-15 14:15:57','Credit Card'),(4217,28,922,'2023-09-14 03:38:45','Online'),(4218,29,923,'2023-09-13 19:11:31','Cash'),(4219,30,924,'2023-09-12 14:46:39','Credit Card'),(4220,31,925,'2023-09-11 07:09:25','Online'),(4221,32,926,'2023-09-10 22:34:10','Cash'),(4222,33,927,'2023-09-09 12:57:48','Credit Card'),(4223,34,928,'2023-09-08 00:20:34','Online'),(4224,35,929,'2023-09-07 11:23:29','Cash'),(4225,36,930,'2023-09-06 06:08:23','Credit Card'),(4226,37,931,'2023-09-05 18:31:51','Online'),(4227,38,932,'2023-09-04 14:06:37','Cash'),(4228,39,933,'2023-09-03 09:21:13','Credit Card'),(4229,40,934,'2023-09-02 20:44:01','Online'),(4230,41,935,'2023-09-01 07:09:38','Cash'),(4231,42,936,'2023-08-31 19:32:26','Credit Card'),(4232,43,937,'2023-08-30 05:57:45','Online'),(4233,44,938,'2023-08-29 17:50:42','Cash'),(4234,45,939,'2023-08-28 13:05:30','Credit Card'),(4235,46,940,'2023-08-27 04:22:23','Online'),(4236,47,941,'2023-08-26 16:11:48','Cash'),(4237,48,942,'2023-08-25 01:25:10','Credit Card'),(4238,49,943,'2023-08-24 13:48:37','Online'),(4239,50,944,'2023-08-23 08:38:36','Cash'),(4240,51,945,'2023-08-22 20:01:23','Credit Card'),(4241,52,946,'2023-08-21 06:24:09','Online'),(4242,53,947,'2023-08-20 18:47:37','Cash'),(4243,54,948,'2023-08-19 14:15:57','Credit Card'),(4244,55,949,'2023-08-18 03:38:45','Online'),(4245,56,950,'2023-08-17 19:11:31','Cash'),(4246,57,951,'2023-08-16 14:46:39','Credit Card'),(4247,58,952,'2023-08-15 07:09:25','Online'),(4248,59,953,'2023-08-14 22:34:10','Cash'),(4249,60,954,'2023-08-13 12:57:48','Credit Card'),(4250,61,955,'2023-08-12 00:20:34','Online'),(4251,62,956,'2023-08-11 11:23:29','Cash'),(4252,63,957,'2023-08-10 06:08:23','Credit Card'),(4253,64,958,'2023-08-09 18:31:51','Online'),(4254,65,959,'2023-08-08 14:06:37','Cash'),(4255,66,960,'2023-08-07 09:21:13','Credit Card'),(4256,67,961,'2023-08-06 20:44:01','Online'),(4257,68,962,'2023-08-05 07:09:38','Cash'),(4258,69,963,'2023-08-04 19:32:26','Credit Card'),(4259,70,964,'2023-08-03 05:57:45','Online'),(4260,71,965,'2023-08-02 17:50:42','Cash'),(4261,72,904,'2023-08-01 13:05:30','Credit Card'),(4262,73,905,'2023-07-31 04:22:23','Online'),(4263,74,906,'2023-07-30 16:11:48','Cash'),(4264,75,907,'2023-07-29 01:25:10','Credit Card'),(4265,76,908,'2023-07-28 13:48:37','Online'),(4266,77,909,'2023-07-27 08:38:36','Cash'),(4267,78,910,'2023-07-26 20:01:23','Credit Card'),(4268,79,911,'2023-07-25 06:24:09','Online'),(4269,80,912,'2023-07-24 18:47:37','Cash'),(4270,81,913,'2023-07-23 14:15:57','Credit Card'),(4271,82,914,'2023-07-22 03:38:45','Online'),(4272,83,915,'2023-07-21 19:11:31','Cash'),(4273,84,916,'2023-07-20 14:46:39','Credit Card'),(4274,85,917,'2023-07-19 07:09:25','Online'),(4275,86,918,'2023-07-18 22:34:10','Cash'),(4276,87,919,'2023-07-17 12:57:48','Credit Card'),(4277,88,920,'2023-07-16 00:20:34','Online'),(4278,89,921,'2023-07-15 11:23:29','Cash'),(4279,90,922,'2023-07-14 06:08:23','Credit Card'),(4280,91,923,'2023-07-13 18:31:51','Online'),(4281,92,924,'2023-07-12 14:06:37','Cash'),(4282,93,925,'2023-07-11 09:21:13','Credit Card'),(4283,94,926,'2023-07-10 20:44:01','Online'),(4284,95,927,'2023-07-09 07:09:38','Cash'),(4285,96,928,'2023-07-08 19:32:26','Credit Card'),(4286,97,929,'2023-07-07 05:57:45','Online'),(4287,98,930,'2023-07-06 17:50:42','Cash'),(4288,99,931,'2023-07-05 13:05:30','Credit Card');
/*!40000 ALTER TABLE `sales` ENABLE KEYS */;
UNLOCK TABLES;

--
-- Table structure for table `stores`
--

DROP TABLE IF EXISTS `stores`;
/*!40101 SET @saved_cs_client     = @@character_set_client */;
/*!50503 SET character_set_client = utf8mb4 */;
CREATE TABLE `stores` (
  `store_id` int NOT NULL AUTO_INCREMENT,
  `store_name` varchar(100) DEFAULT NULL,
  `city` varchar(50) DEFAULT NULL,
  `manager_id` int DEFAULT NULL,
  PRIMARY KEY (`store_id`),
  KEY `manager_id` (`manager_id`),
  CONSTRAINT `stores_ibfk_1` FOREIGN KEY (`manager_id`) REFERENCES `employees` (`employee_id`)
) ENGINE=InnoDB AUTO_INCREMENT=1090 DEFAULT CHARSET=utf8mb4 COLLATE=utf8mb4_0900_ai_ci;
/*!40101 SET character_set_client = @saved_cs_client */;

--
-- Dumping data for table `stores`
--

LOCK TABLES `stores` WRITE;
/*!40000 ALTER TABLE `stores` DISABLE KEYS */;
INSERT INTO `stores` VALUES (904,'Luxe Cosmetics - Kafr El-Sheikh','Kafr El-Sheikh',130),(905,'AromaEssence Boutique - Alexandria','Alexandria',342),(906,'Glow Shop - Luxor','Luxor',410),(907,'Elegant Fragrance - Suez','Suez',334),(908,'VitaSkin Outlet - Mansoura','Mansoura',228),(909,'SilkShine Beauty - Zagazig','Zagazig',428),(910,'Scentora Store - Aswan','Aswan',141),(911,'Serene Bodycare - Tanta','Tanta',184),(912,'AromaEssence Boutique - Zagazig','Zagazig',289),(913,'Scentora Store - Cairo','Cairo',266),(914,'AromaEssence Boutique - Sohag','Sohag',409),(915,'BodyBliss Spa - Qena','Qena',405),(916,'Luxe Cosmetics - Cairo','Cairo',406),(917,'Vital Haircare - Qena','Qena',213),(918,'PureGlow Salon - Kafr El-Sheikh','Kafr El-Sheikh',74),(919,'Glow Shop - Qena','Qena',405),(920,'SilkShine Beauty - Qena','Qena',343),(921,'Scentora Store - Giza','Giza',393),(922,'Serene Bodycare - Suez','Suez',442),(923,'Elegant Fragrance - Banha','Banha',274),(924,'Elegant Fragrance - Fayoum','Fayoum',144),(925,'Scentora Store - Ismailia','Ismailia',263),(926,'Elegant Fragrance - Ismailia','Ismailia',331),(927,'Serene Bodycare - Ismailia','Ismailia',288),(928,'Scentora Store - Port Said','Port Said',293),(929,'Vital Haircare - Port Said','Port Said',74),(930,'Chic Makeup - Luxor','Luxor',200),(931,'Serene Bodycare - Qena','Qena',158),(932,'AromaEssence Boutique - Cairo','Cairo',111),(933,'Radiant Skin - Mansoura','Mansoura',390),(934,'Elegant Fragrance - Mansoura','Mansoura',322),(935,'NailArt Studio - Tanta','Tanta',90),(936,'Elegant Fragrance - Aswan','Aswan',377),(937,'PureGlow Salon - Luxor','Luxor',232),(938,'PureGlow Salon - Zagazig','Zagazig',46),(939,'Scentora Store - Port Said','Port Said',440),(940,'AromaEssence Boutique - Mansoura','Mansoura',446),(941,'VitaSkin Outlet - Giza','Giza',38),(942,'SilkShine Beauty - Luxor','Luxor',108),(943,'NailArt Studio - Mansoura','Mansoura',299),(944,'Scentora Store - Zagazig','Zagazig',32),(945,'Chic Makeup - Damietta','Damietta',142),(946,'Elegant Fragrance - Giza','Giza',46),(947,'SilkShine Beauty - Suez','Suez',111),(948,'SilkShine Beauty - Zagazig','Zagazig',449),(949,'AromaEssence Boutique - Alexandria','Alexandria',100),(950,'Scentora Store - Kafr El-Sheikh','Kafr El-Sheikh',201),(951,'SilkShine Beauty - Cairo','Cairo',354),(952,'PureGlow Salon - Kafr El-Sheikh','Kafr El-Sheikh',2),(953,'PureGlow Salon - Damietta','Damietta',340),(954,'SilkShine Beauty - Giza','Giza',193),(955,'SilkShine Beauty - Cairo','Cairo',104),(956,'VitaSkin Outlet - Fayoum','Fayoum',10),(957,'LockTress Hair - Port Said','Port Said',93),(958,'VitaSkin Outlet - Port Said','Port Said',300),(959,'Radiant Skin - Tanta','Tanta',342),(960,'LockTress Hair - Damietta','Damietta',347),(961,'Scentora Store - Qena','Qena',310),(962,'NailArt Studio - Mansoura','Mansoura',39),(963,'Luxe Cosmetics - Cairo','Cairo',171),(964,'Radiant Skin - Zagazig','Zagazig',186),(965,'Vital Haircare - Zagazig','Zagazig',32),(966,'Luxe Cosmetics - Kafr El-Sheikh','Kafr El-Sheikh',130),(967,'AromaEssence Boutique - Alexandria','Alexandria',342),(968,'Glow Shop - Luxor','Luxor',410),(969,'Elegant Fragrance - Suez','Suez',334),(970,'VitaSkin Outlet - Mansoura','Mansoura',228),(971,'SilkShine Beauty - Zagazig','Zagazig',428),(972,'Scentora Store - Aswan','Aswan',141),(973,'Serene Bodycare - Tanta','Tanta',184),(974,'AromaEssence Boutique - Zagazig','Zagazig',289),(975,'Scentora Store - Cairo','Cairo',266),(976,'AromaEssence Boutique - Sohag','Sohag',409),(977,'BodyBliss Spa - Qena','Qena',405),(978,'Luxe Cosmetics - Cairo','Cairo',406),(979,'Vital Haircare - Qena','Qena',213),(980,'PureGlow Salon - Kafr El-Sheikh','Kafr El-Sheikh',74),(981,'Glow Shop - Qena','Qena',405),(982,'SilkShine Beauty - Qena','Qena',343),(983,'Scentora Store - Giza','Giza',393),(984,'Serene Bodycare - Suez','Suez',442),(985,'Elegant Fragrance - Banha','Banha',274),(986,'Elegant Fragrance - Fayoum','Fayoum',144),(987,'Scentora Store - Ismailia','Ismailia',263),(988,'Elegant Fragrance - Ismailia','Ismailia',331),(989,'Serene Bodycare - Ismailia','Ismailia',288),(990,'Scentora Store - Port Said','Port Said',293),(991,'Vital Haircare - Port Said','Port Said',74),(992,'Chic Makeup - Luxor','Luxor',200),(993,'Serene Bodycare - Qena','Qena',158),(994,'AromaEssence Boutique - Cairo','Cairo',111),(995,'Radiant Skin - Mansoura','Mansoura',390),(996,'Elegant Fragrance - Mansoura','Mansoura',322),(997,'NailArt Studio - Tanta','Tanta',90),(998,'Elegant Fragrance - Aswan','Aswan',377),(999,'PureGlow Salon - Luxor','Luxor',232),(1000,'PureGlow Salon - Zagazig','Zagazig',46),(1001,'Scentora Store - Port Said','Port Said',440),(1002,'AromaEssence Boutique - Mansoura','Mansoura',446),(1003,'VitaSkin Outlet - Giza','Giza',38),(1004,'SilkShine Beauty - Luxor','Luxor',108),(1005,'NailArt Studio - Mansoura','Mansoura',299),(1006,'Scentora Store - Zagazig','Zagazig',32),(1007,'Chic Makeup - Damietta','Damietta',142),(1008,'Elegant Fragrance - Giza','Giza',46),(1009,'SilkShine Beauty - Suez','Suez',111),(1010,'SilkShine Beauty - Zagazig','Zagazig',449),(1011,'AromaEssence Boutique - Alexandria','Alexandria',100),(1012,'Scentora Store - Kafr El-Sheikh','Kafr El-Sheikh',201),(1013,'SilkShine Beauty - Cairo','Cairo',354),(1014,'PureGlow Salon - Kafr El-Sheikh','Kafr El-Sheikh',2),(1015,'PureGlow Salon - Damietta','Damietta',340),(1016,'SilkShine Beauty - Giza','Giza',193),(1017,'SilkShine Beauty - Cairo','Cairo',104),(1018,'VitaSkin Outlet - Fayoum','Fayoum',10),(1019,'LockTress Hair - Port Said','Port Said',93),(1020,'VitaSkin Outlet - Port Said','Port Said',300),(1021,'Radiant Skin - Tanta','Tanta',342),(1022,'LockTress Hair - Damietta','Damietta',347),(1023,'Scentora Store - Qena','Qena',310),(1024,'NailArt Studio - Mansoura','Mansoura',39),(1025,'Luxe Cosmetics - Cairo','Cairo',171),(1026,'Radiant Skin - Zagazig','Zagazig',186),(1027,'Vital Haircare - Zagazig','Zagazig',32),(1028,'Luxe Cosmetics - Kafr El-Sheikh','Kafr El-Sheikh',130),(1029,'AromaEssence Boutique - Alexandria','Alexandria',342),(1030,'Glow Shop - Luxor','Luxor',410),(1031,'Elegant Fragrance - Suez','Suez',334),(1032,'VitaSkin Outlet - Mansoura','Mansoura',228),(1033,'SilkShine Beauty - Zagazig','Zagazig',428),(1034,'Scentora Store - Aswan','Aswan',141),(1035,'Serene Bodycare - Tanta','Tanta',184),(1036,'AromaEssence Boutique - Zagazig','Zagazig',289),(1037,'Scentora Store - Cairo','Cairo',266),(1038,'AromaEssence Boutique - Sohag','Sohag',409),(1039,'BodyBliss Spa - Qena','Qena',405),(1040,'Luxe Cosmetics - Cairo','Cairo',406),(1041,'Vital Haircare - Qena','Qena',213),(1042,'PureGlow Salon - Kafr El-Sheikh','Kafr El-Sheikh',74),(1043,'Glow Shop - Qena','Qena',405),(1044,'SilkShine Beauty - Qena','Qena',343),(1045,'Scentora Store - Giza','Giza',393),(1046,'Serene Bodycare - Suez','Suez',442),(1047,'Elegant Fragrance - Banha','Banha',274),(1048,'Elegant Fragrance - Fayoum','Fayoum',144),(1049,'Scentora Store - Ismailia','Ismailia',263),(1050,'Elegant Fragrance - Ismailia','Ismailia',331),(1051,'Serene Bodycare - Ismailia','Ismailia',288),(1052,'Scentora Store - Port Said','Port Said',293),(1053,'Vital Haircare - Port Said','Port Said',74),(1054,'Chic Makeup - Luxor','Luxor',200),(1055,'Serene Bodycare - Qena','Qena',158),(1056,'AromaEssence Boutique - Cairo','Cairo',111),(1057,'Radiant Skin - Mansoura','Mansoura',390),(1058,'Elegant Fragrance - Mansoura','Mansoura',322),(1059,'NailArt Studio - Tanta','Tanta',90),(1060,'Elegant Fragrance - Aswan','Aswan',377),(1061,'PureGlow Salon - Luxor','Luxor',232),(1062,'PureGlow Salon - Zagazig','Zagazig',46),(1063,'Scentora Store - Port Said','Port Said',440),(1064,'AromaEssence Boutique - Mansoura','Mansoura',446),(1065,'VitaSkin Outlet - Giza','Giza',38),(1066,'SilkShine Beauty - Luxor','Luxor',108),(1067,'NailArt Studio - Mansoura','Mansoura',299),(1068,'Scentora Store - Zagazig','Zagazig',32),(1069,'Chic Makeup - Damietta','Damietta',142),(1070,'Elegant Fragrance - Giza','Giza',46),(1071,'SilkShine Beauty - Suez','Suez',111),(1072,'SilkShine Beauty - Zagazig','Zagazig',449),(1073,'AromaEssence Boutique - Alexandria','Alexandria',100),(1074,'Scentora Store - Kafr El-Sheikh','Kafr El-Sheikh',201),(1075,'SilkShine Beauty - Cairo','Cairo',354),(1076,'PureGlow Salon - Kafr El-Sheikh','Kafr El-Sheikh',2),(1077,'PureGlow Salon - Damietta','Damietta',340),(1078,'SilkShine Beauty - Giza','Giza',193),(1079,'SilkShine Beauty - Cairo','Cairo',104),(1080,'VitaSkin Outlet - Fayoum','Fayoum',10),(1081,'LockTress Hair - Port Said','Port Said',93),(1082,'VitaSkin Outlet - Port Said','Port Said',300),(1083,'Radiant Skin - Tanta','Tanta',342),(1084,'LockTress Hair - Damietta','Damietta',347),(1085,'Scentora Store - Qena','Qena',310),(1086,'NailArt Studio - Mansoura','Mansoura',39),(1087,'Luxe Cosmetics - Cairo','Cairo',171),(1088,'Radiant Skin - Zagazig','Zagazig',186),(1089,'Vital Haircare - Zagazig','Zagazig',32);
/*!40000 ALTER TABLE `stores` ENABLE KEYS */;
UNLOCK TABLES;

--
-- Dumping events for database 'cosmetics_sales_db'
--

--
-- Dumping routines for database 'cosmetics_sales_db'
--
/*!50003 DROP PROCEDURE IF EXISTS `adjust_discounts` */;
/*!50003 SET @saved_cs_client      = @@character_set_client */ ;
/*!50003 SET @saved_cs_results     = @@character_set_results */ ;
/*!50003 SET @saved_col_connection = @@collation_connection */ ;
/*!50003 SET character_set_client  = utf8mb4 */ ;
/*!50003 SET character_set_results = utf8mb4 */ ;
/*!50003 SET collation_connection  = utf8mb4_0900_ai_ci */ ;
/*!50003 SET @saved_sql_mode       = @@sql_mode */ ;
/*!50003 SET sql_mode              = 'ONLY_FULL_GROUP_BY,STRICT_TRANS_TABLES,NO_ZERO_IN_DATE,NO_ZERO_DATE,ERROR_FOR_DIVISION_BY_ZERO,NO_ENGINE_SUBSTITUTION' */ ;
DELIMITER ;;
CREATE DEFINER=`root`@`localhost` PROCEDURE `adjust_discounts`()
BEGIN
  DECLARE done INT DEFAULT 0;
  REPEAT
    UPDATE promotions AS pm
    JOIN products AS p ON pm.product_id = p.product_id
    JOIN sale_details AS sd ON sd.product_id = p.product_id
    SET pm.discount_percent = pm.discount_percent - 5
    WHERE ROUND((sd.unit_price * sd.quantity * (1 - pm.discount_percent / 100)), 2) < (p.original_price * sd.quantity);

    SELECT COUNT(*) INTO done
    FROM promotions AS pm
    JOIN products AS p ON pm.product_id = p.product_id
    JOIN sale_details AS sd ON sd.product_id = p.product_id
    WHERE ROUND((sd.unit_price * sd.quantity * (1 - pm.discount_percent / 100)), 2) < (p.original_price * sd.quantity);

  UNTIL done = 0
  END REPEAT;
END ;;
DELIMITER ;
/*!50003 SET sql_mode              = @saved_sql_mode */ ;
/*!50003 SET character_set_client  = @saved_cs_client */ ;
/*!50003 SET character_set_results = @saved_cs_results */ ;
/*!50003 SET collation_connection  = @saved_col_connection */ ;

--
-- Final view structure for view `product_sales`
--

/*!50001 DROP VIEW IF EXISTS `product_sales`*/;
/*!50001 SET @saved_cs_client          = @@character_set_client */;
/*!50001 SET @saved_cs_results         = @@character_set_results */;
/*!50001 SET @saved_col_connection     = @@collation_connection */;
/*!50001 SET character_set_client      = utf8mb4 */;
/*!50001 SET character_set_results     = utf8mb4 */;
/*!50001 SET collation_connection      = utf8mb4_0900_ai_ci */;
/*!50001 CREATE ALGORITHM=UNDEFINED */
/*!50013 DEFINER=`root`@`localhost` SQL SECURITY DEFINER */
/*!50001 VIEW `product_sales` AS select `c`.`first_name` AS `first_name`,`c`.`city` AS `customer_city`,`s`.`store_name` AS `store_name`,`s`.`city` AS `store_city`,`sal`.`payment_method` AS `payment_method`,`sd`.`quantity` AS `quantity`,`p`.`original_price` AS `original_price`,`sd`.`unit_price` AS `unit_sal_price`,(`sd`.`unit_price` * `sd`.`quantity`) AS `total_price`,`pm`.`discount_percent` AS `discount_percent`,round(((`sd`.`unit_price` * `sd`.`quantity`) * (1 - (`pm`.`discount_percent` / 100))),2) AS `total_price_after_pm`,`sal`.`sale_datetime` AS `sale_datetime`,`p`.`product_name` AS `product_name`,`p`.`category` AS `category`,`p`.`brand` AS `brand` from (((((`sales` `sal` join `customers` `c` on((`sal`.`customer_id` = `c`.`customer_id`))) join `stores` `s` on((`sal`.`store_id` = `s`.`store_id`))) join `sale_details` `sd` on((`sal`.`sale_id` = `sd`.`sale_id`))) join `products` `p` on((`p`.`product_id` = `sd`.`product_id`))) join `promotions` `pm` on((`pm`.`product_id` = `p`.`product_id`))) */;
/*!50001 SET character_set_client      = @saved_cs_client */;
/*!50001 SET character_set_results     = @saved_cs_results */;
/*!50001 SET collation_connection      = @saved_col_connection */;

--
-- Final view structure for view `product_sales_measures`
--

/*!50001 DROP VIEW IF EXISTS `product_sales_measures`*/;
/*!50001 SET @saved_cs_client          = @@character_set_client */;
/*!50001 SET @saved_cs_results         = @@character_set_results */;
/*!50001 SET @saved_col_connection     = @@collation_connection */;
/*!50001 SET character_set_client      = utf8mb4 */;
/*!50001 SET character_set_results     = utf8mb4 */;
/*!50001 SET collation_connection      = utf8mb4_0900_ai_ci */;
/*!50001 CREATE ALGORITHM=UNDEFINED */
/*!50013 DEFINER=`root`@`localhost` SQL SECURITY DEFINER */
/*!50001 VIEW `product_sales_measures` AS select `ps`.`first_name` AS `first_name`,`ps`.`customer_city` AS `customer_city`,`ps`.`store_name` AS `store_name`,`ps`.`store_city` AS `store_city`,`ps`.`payment_method` AS `payment_method`,`ps`.`quantity` AS `quantity`,`ps`.`original_price` AS `original_price`,`ps`.`unit_sal_price` AS `unit_sal_price`,`ps`.`total_price` AS `total_price`,`ps`.`discount_percent` AS `discount_percent`,`ps`.`total_price_after_pm` AS `total_price_after_pm`,`ps`.`sale_datetime` AS `sale_datetime`,`ps`.`product_name` AS `product_name`,`ps`.`category` AS `category`,`ps`.`brand` AS `brand`,`ps`.`total_price_after_pm` AS `Revenue`,(`ps`.`total_price_after_pm` - (`ps`.`original_price` * `ps`.`quantity`)) AS `Profit`,round((((`ps`.`total_price_after_pm` - (`ps`.`original_price` * `ps`.`quantity`)) / `ps`.`total_price_after_pm`) * 100),2) AS `Margin` from `product_sales` `ps` */;
/*!50001 SET character_set_client      = @saved_cs_client */;
/*!50001 SET character_set_results     = @saved_cs_results */;
/*!50001 SET collation_connection      = @saved_col_connection */;
/*!40103 SET TIME_ZONE=@OLD_TIME_ZONE */;

/*!40101 SET SQL_MODE=@OLD_SQL_MODE */;
/*!40014 SET FOREIGN_KEY_CHECKS=@OLD_FOREIGN_KEY_CHECKS */;
/*!40014 SET UNIQUE_CHECKS=@OLD_UNIQUE_CHECKS */;
/*!40101 SET CHARACTER_SET_CLIENT=@OLD_CHARACTER_SET_CLIENT */;
/*!40101 SET CHARACTER_SET_RESULTS=@OLD_CHARACTER_SET_RESULTS */;
/*!40101 SET COLLATION_CONNECTION=@OLD_COLLATION_CONNECTION */;
/*!40111 SET SQL_NOTES=@OLD_SQL_NOTES */;

-- Dump completed on 2025-12-27 13:24:48
